Success (21):
group 647 _e-0000efa8-4346-8000-3cd8-011e94011e94_4115 "IEM ICO | Receive Alerts"
content 20098 _a-0000ee9a-01f5-8000-af67-01ef9001ef90_269263 "IEM_ICO_CMPT_ProgramMultiSelectDropdownField"
content 19813 _a-0000e712-ad81-8000-9ba5-011c48011c48_54709 "IEM_ICO_LAYOUT_LegalSignatureLayout"
content 20069 _a-0000efa8-4346-8000-3cdd-01ef9001ef90_250535 "IEM_ICO_EXTRACT_RecordTypeUuid"
content 20039 _a-0000eb49-2433-8000-af2a-01ef9001ef90_34633 "IEM_ICO_ENV_SERVER_ENVIRONMENT"
content 20072 _a-0000efa8-4346-8000-3cdd-01ef9001ef90_250563 "IEM_ICO_FORMAT_RecordSyncProperty"
content 20074 66fb2eab-3fb5-402e-9dbe-7588abf5f3d2 "IEM_ICO_GENERATE_RecordSyncProperties"
content 19755 _a-0000ef0f-9abf-8000-af69-01ef9001ef90_318937 "IEM_ICO_CMPT_RecordLinkField"
content 19819 _a-0000e798-6561-8000-9bb5-011c48011c48_92367 "IEM_ICO_CMPT_SaveAndExitButton"
content 19757 _a-0000e92e-5d05-8000-9be3-011c48011c48_589166 "IEM_ICO_FILTER_ArrayForPicker"
content 19758 _a-0000e781-fc21-8000-9bb3-011c48011c48_63430 "IEM_ICO_CMPT_DropdownField"
content 19759 _a-0000e2c3-93ef-8000-9ba2-011c48011c48_2376175 "IEM_ICO_CUSTOM_RECEIVE_ALERTS"
content 19792 _a-0000e712-ad81-8000-9ba5-011c48011c48_40344 "IEM_ICO_CMPT_HeaderField"
content 19761 _a-0000eb26-ab8d-8000-af26-01ef9001ef90_13328 "IEM_ICO_REC_REF_OBJECT_TYPE"
content 19793 _a-0000e777-b878-8000-9bad-011c48011c48_47417 "IEM_ICO_LAYOUT_CardLayout"
content 19762 _a-0000ec82-dfa0-8000-cdfc-01ef9001ef90_210155 "IEM_ICO_REC_PROCESS"
content 20563 _a-0000eaea-80ef-8000-3ca2-01ef9001ef90_106619 "IEM_ICO_CMPT_DateTimeField"
recordType 42 9bff5542-7902-4d4d-a723-579d7add597d "IEM ICO REF Program"
recordType 38 347dfce2-5c7f-49a3-b55a-fd7c92a61d6b "IEM ICO REF Object Type"
recordType 41 765820b0-4dde-40e3-9604-06a6096aa4ce "IEM ICO Audit Log"
recordType 58 3db1c15c-c8b5-437a-84b9-f7f87f0eb44b "IEM ICO REF Process"

Referenced precedents that were not exported (23):
group 316 6468e194-9b66-46ee-87b6-b472438e6d35
group 317 d5a01b2f-3a6d-4581-bb0a-b149c2e127b4
content 4064 d5b22347-921f-47c4-a4df-d1a507c3f76b
content 18492 _a-0000ee9a-01f5-8000-af67-01ef9001ef90_193970
content 18493 _a-0000ee9a-01f5-8000-af67-01ef9001ef90_191360
content 5037 _a-0000e77e-53ba-8000-9bb0-011c48011c48_55224
content 4065 _a-0000e258-a92d-8000-9ba2-011c48011c48_2110934
content 5393 _a-0000e712-ad81-8000-9ba5-011c48011c48_47790
content 4082 _a-0000e712-ad81-8000-9ba5-011c48011c48_41081
content 4074 _a-0000e712-ad81-8000-9ba5-011c48011c48_40408
content 4076 _a-0000e712-ad81-8000-9ba5-011c48011c48_36733
content 3513 _a-0000e2c3-93ef-8000-9ba2-011c48011c48_2351149
content 3509 _a-0000e2c3-93ef-8000-9ba2-011c48011c48_2351155
content 4066 _a-0000e77d-05a2-8000-9baf-011c48011c48_50461
content 18615 _a-0000ef0f-9abf-8000-af69-01ef9001ef90_318918
content 14599 _a-0000eb3e-868d-8000-af28-01ef9001ef90_16786
content 4185 _a-0000e851-089c-8000-9bcb-011c48011c48_347519
content 4187 _a-0000e851-089c-8000-9bcb-011c48011c48_347502
content 4188 _a-0000e77d-05a2-8000-9baf-011c48011c48_50221
content 9093 _a-0000eaa5-7858-8000-3c9d-01ef9001ef90_59831
content 4075 _a-0000e851-089c-8000-9bcb-011c48011c48_358943
content 13791 _a-0000eb49-2433-8000-af2a-01ef9001ef90_24919
content 3536 _a-0000e258-a92d-8000-9ba2-011c48011c48_2112303

Trace:
2026-07-07 19:18:25.971 DEBUG group 647 _e-0000efa8-4346-8000-3cd8-011e94011e94_4115 Begin transport.
2026-07-07 19:18:25.971 DEBUG group 647 _e-0000efa8-4346-8000-3cd8-011e94011e94_4115 Retrieving object data.
2026-07-07 19:18:25.975 DEBUG group 647 _e-0000efa8-4346-8000-3cd8-011e94011e94_4115 Setting uuids of object references.
2026-07-07 19:18:25.975 DEBUG group 647 _e-0000efa8-4346-8000-3cd8-011e94011e94_4115 Processing reference: Role[name=<null>,groupIds=[316]]
2026-07-07 19:18:25.976 DEBUG group 647 _e-0000efa8-4346-8000-3cd8-011e94011e94_4115 Processing reference: Group.groupTypeId
2026-07-07 19:18:25.977 DEBUG group 647 _e-0000efa8-4346-8000-3cd8-011e94011e94_4115 Processing reference: Group.parentId
2026-07-07 19:18:25.977 DEBUG group 647 _e-0000efa8-4346-8000-3cd8-011e94011e94_4115 Processing reference: Group.homePageId
2026-07-07 19:18:25.977 DEBUG group 647 _e-0000efa8-4346-8000-3cd8-011e94011e94_4115 Processing reference: Role[name=<null>]
2026-07-07 19:18:25.977 DEBUG group 647 _e-0000efa8-4346-8000-3cd8-011e94011e94_4115 Exporting binary resources.
2026-07-07 19:18:25.977 DEBUG group 647 _e-0000efa8-4346-8000-3cd8-011e94011e94_4115 Serializing object to XML.
2026-07-07 19:18:25.977 DEBUG group 647 _e-0000efa8-4346-8000-3cd8-011e94011e94_4115 Object transported.
2026-07-07 19:18:25.978 DEBUG content 20098 _a-0000ee9a-01f5-8000-af67-01ef9001ef90_269263 Begin transport.
2026-07-07 19:18:25.978 DEBUG content 20098 _a-0000ee9a-01f5-8000-af67-01ef9001ef90_269263 Retrieving object data.
2026-07-07 19:18:25.983 DEBUG content 20098 _a-0000ee9a-01f5-8000-af67-01ef9001ef90_269263 Setting uuids of object references.
2026-07-07 19:18:25.983 DEBUG content 20098 _a-0000ee9a-01f5-8000-af67-01ef9001ef90_269263 Processing reference: [Content:id=18774,versionId=-1,name=IEM_ICO_CMPT_ProgramMultiSelectDropdownField,type=32,subtype=6,uuid=_a-0000ee9a-01f5-8000-af67-01ef9001ef90_269263,parent=4065]
2026-07-07 19:18:25.984 DEBUG recordType 42 9bff5542-7902-4d4d-a723-579d7add597d Begin transport.
2026-07-07 19:18:25.984 DEBUG recordType 42 9bff5542-7902-4d4d-a723-579d7add597d Retrieving object data.
2026-07-07 19:18:26.002 DEBUG recordType 42 9bff5542-7902-4d4d-a723-579d7add597d Setting uuids of object references.
2026-07-07 19:18:26.002 DEBUG recordType 42 9bff5542-7902-4d4d-a723-579d7add597d Processing reference: RecordTypeDefinition.dataSrcExpr
2026-07-07 19:18:26.002 DEBUG recordType 42 9bff5542-7902-4d4d-a723-579d7add597d Processing reference: RecordTypeDefinition.defaultFilters
2026-07-07 19:18:26.002 DEBUG recordType 42 9bff5542-7902-4d4d-a723-579d7add597d Processing reference: RecordTypeDefinition.defaultFiltersExpr
2026-07-07 19:18:26.002 DEBUG recordType 42 9bff5542-7902-4d4d-a723-579d7add597d Processing reference: RecordTypeDefinition.defaultSortInfoAsQueryInfos
2026-07-07 19:18:26.002 DEBUG recordType 42 9bff5542-7902-4d4d-a723-579d7add597d Processing reference: DetailViewCfg.headerExpr
2026-07-07 19:18:26.002 DEBUG recordType 42 9bff5542-7902-4d4d-a723-579d7add597d Processing reference: DetailViewCfg.nameExpr
2026-07-07 19:18:26.002 DEBUG recordType 42 9bff5542-7902-4d4d-a723-579d7add597d Processing reference: DetailViewCfg.uiExpr
2026-07-07 19:18:26.002 DEBUG recordType 42 9bff5542-7902-4d4d-a723-579d7add597d Processing reference: DetailViewCfg.visibilityExpr
2026-07-07 19:18:26.002 DEBUG recordType 42 9bff5542-7902-4d4d-a723-579d7add597d Processing reference: RecordTypeDefinition.facetsListExpr
2026-07-07 19:18:26.002 DEBUG recordType 42 9bff5542-7902-4d4d-a723-579d7add597d Processing reference: RecordTypeDefinition.listViewSrcExpr
2026-07-07 19:18:26.002 DEBUG recordType 42 9bff5542-7902-4d4d-a723-579d7add597d Processing reference: RecordTypeDefinition.listViewTemplateExpr
2026-07-07 19:18:26.009 DEBUG recordType 42 9bff5542-7902-4d4d-a723-579d7add597d Processing reference: com.appiancorp.record.entities.RecordSourceCfg@54d55e2c
2026-07-07 19:18:26.011 DEBUG recordType 42 9bff5542-7902-4d4d-a723-579d7add597d Processing reference: RecordSourceFieldCfg.customFieldExpr
2026-07-07 19:18:26.011 DEBUG recordType 42 9bff5542-7902-4d4d-a723-579d7add597d Processing reference: RecordSourceFieldCfg.recordFieldSecurityMembershipFilter
2026-07-07 19:18:26.011 DEBUG recordType 42 9bff5542-7902-4d4d-a723-579d7add597d Processing reference: RecordSourceFieldCfg.customFieldExpr
2026-07-07 19:18:26.011 DEBUG recordType 42 9bff5542-7902-4d4d-a723-579d7add597d Processing reference: RecordSourceFieldCfg.recordFieldSecurityMembershipFilter
2026-07-07 19:18:26.011 DEBUG recordType 42 9bff5542-7902-4d4d-a723-579d7add597d Processing reference: RecordSourceFieldCfg.customFieldExpr
2026-07-07 19:18:26.011 DEBUG recordType 42 9bff5542-7902-4d4d-a723-579d7add597d Processing reference: RecordSourceFieldCfg.recordFieldSecurityMembershipFilter
2026-07-07 19:18:26.011 DEBUG recordType 42 9bff5542-7902-4d4d-a723-579d7add597d Processing reference: RecordSourceFieldCfg.customFieldExpr
2026-07-07 19:18:26.011 DEBUG recordType 42 9bff5542-7902-4d4d-a723-579d7add597d Processing reference: RecordSourceFieldCfg.recordFieldSecurityMembershipFilter
2026-07-07 19:18:26.011 DEBUG recordType 42 9bff5542-7902-4d4d-a723-579d7add597d Processing reference: RecordSourceFieldCfg.customFieldExpr
2026-07-07 19:18:26.011 DEBUG recordType 42 9bff5542-7902-4d4d-a723-579d7add597d Processing reference: RecordSourceFieldCfg.recordFieldSecurityMembershipFilter
2026-07-07 19:18:26.011 DEBUG recordType 42 9bff5542-7902-4d4d-a723-579d7add597d Processing reference: RecordSourceFieldCfg.customFieldExpr
2026-07-07 19:18:26.011 DEBUG recordType 42 9bff5542-7902-4d4d-a723-579d7add597d Processing reference: RecordSourceFieldCfg.recordFieldSecurityMembershipFilter
2026-07-07 19:18:26.011 DEBUG recordType 42 9bff5542-7902-4d4d-a723-579d7add597d Processing reference: RecordSourceFieldCfg.customFieldExpr
2026-07-07 19:18:26.011 DEBUG recordType 42 9bff5542-7902-4d4d-a723-579d7add597d Processing reference: RecordSourceFieldCfg.recordFieldSecurityMembershipFilter
2026-07-07 19:18:26.011 DEBUG recordType 42 9bff5542-7902-4d4d-a723-579d7add597d Processing reference: RecordSourceFieldCfg.customFieldExpr
2026-07-07 19:18:26.011 DEBUG recordType 42 9bff5542-7902-4d4d-a723-579d7add597d Processing reference: RecordSourceFieldCfg.recordFieldSecurityMembershipFilter
2026-07-07 19:18:26.011 DEBUG recordType 42 9bff5542-7902-4d4d-a723-579d7add597d Processing reference: RecordSourceFieldCfg.customFieldExpr
2026-07-07 19:18:26.011 DEBUG recordType 42 9bff5542-7902-4d4d-a723-579d7add597d Processing reference: RecordSourceFieldCfg.recordFieldSecurityMembershipFilter
2026-07-07 19:18:26.011 DEBUG recordType 42 9bff5542-7902-4d4d-a723-579d7add597d Processing reference: RecordSourceCfg.sourceContextExpr
2026-07-07 19:18:26.011 DEBUG recordType 42 9bff5542-7902-4d4d-a723-579d7add597d Processing reference: RecordSourceCfg.sourceFilterExpr
2026-07-07 19:18:26.011 DEBUG recordType 42 9bff5542-7902-4d4d-a723-579d7add597d Processing reference: RecordTypeSearchCfg.placeholder
2026-07-07 19:18:26.011 DEBUG recordType 42 9bff5542-7902-4d4d-a723-579d7add597d Processing reference: RecordTypeSearchCfg.searchFieldQueryInfos
2026-07-07 19:18:26.011 DEBUG recordType 42 9bff5542-7902-4d4d-a723-579d7add597d Processing reference: RecordTypeDefinition.recordViewSrcExpr
2026-07-07 19:18:26.011 DEBUG recordType 42 9bff5542-7902-4d4d-a723-579d7add597d Processing reference: RecordTypeDefinition.source
2026-07-07 19:18:26.011 DEBUG recordType 42 9bff5542-7902-4d4d-a723-579d7add597d Processing reference: RecordTypeDefinition.titleExpr
2026-07-07 19:18:26.011 DEBUG recordType 42 9bff5542-7902-4d4d-a723-579d7add597d Processing reference: Role[name=record_type_administrator,groupIds=[316]]
2026-07-07 19:18:26.012 DEBUG recordType 42 9bff5542-7902-4d4d-a723-579d7add597d Processing reference: Role[name=record_type_viewer,groupIds=[317]]
2026-07-07 19:18:26.013 DEBUG recordType 42 9bff5542-7902-4d4d-a723-579d7add597d Exporting binary resources.
2026-07-07 19:18:26.013 DEBUG recordType 42 9bff5542-7902-4d4d-a723-579d7add597d Serializing object to XML.
2026-07-07 19:18:26.013 DEBUG recordType 42 9bff5542-7902-4d4d-a723-579d7add597d Object transported.
2026-07-07 19:18:26.016 DEBUG content 20098 _a-0000ee9a-01f5-8000-af67-01ef9001ef90_269263 Processing reference: Interface.forum
2026-07-07 19:18:26.016 DEBUG content 20098 _a-0000ee9a-01f5-8000-af67-01ef9001ef90_269263 Processing reference: TypedVariable[name=label,it=3,v=]
2026-07-07 19:18:26.016 DEBUG content 20098 _a-0000ee9a-01f5-8000-af67-01ef9001ef90_269263 Processing reference: TypedVariable[name=labelPosition,it=3,v=]
2026-07-07 19:18:26.016 DEBUG content 20098 _a-0000ee9a-01f5-8000-af67-01ef9001ef90_269263 Processing reference: TypedVariable[name=instructions,it=3,v=]
2026-07-07 19:18:26.016 DEBUG content 20098 _a-0000ee9a-01f5-8000-af67-01ef9001ef90_269263 Processing reference: TypedVariable[name=isRequired,it=26,v=<null>]
2026-07-07 19:18:26.016 DEBUG content 20098 _a-0000ee9a-01f5-8000-af67-01ef9001ef90_269263 Processing reference: TypedVariable[name=requiredMessage,it=3,v=]
2026-07-07 19:18:26.016 DEBUG content 20098 _a-0000ee9a-01f5-8000-af67-01ef9001ef90_269263 Processing reference: TypedVariable[name=isReadOnly,it=26,v=<null>]
2026-07-07 19:18:26.016 DEBUG content 20098 _a-0000ee9a-01f5-8000-af67-01ef9001ef90_269263 Processing reference: TypedVariable[name=isDisabled,it=26,v=<null>]
2026-07-07 19:18:26.016 DEBUG content 20098 _a-0000ee9a-01f5-8000-af67-01ef9001ef90_269263 Processing reference: TypedVariable[name=value,it=97,v=<null>]
2026-07-07 19:18:26.016 DEBUG content 20098 _a-0000ee9a-01f5-8000-af67-01ef9001ef90_269263 Processing reference: TypedVariable[name=saveInto,it=193,v=<null>]
2026-07-07 19:18:26.016 DEBUG content 20098 _a-0000ee9a-01f5-8000-af67-01ef9001ef90_269263 Processing reference: TypedVariable[name=validationGroup,it=3,v=]
2026-07-07 19:18:26.016 DEBUG content 20098 _a-0000ee9a-01f5-8000-af67-01ef9001ef90_269263 Processing reference: TypedVariable[name=validations,it=103,v=<null>]
2026-07-07 19:18:26.016 DEBUG content 20098 _a-0000ee9a-01f5-8000-af67-01ef9001ef90_269263 Processing reference: TypedVariable[name=placeholder,it=3,v=]
2026-07-07 19:18:26.016 DEBUG content 20098 _a-0000ee9a-01f5-8000-af67-01ef9001ef90_269263 Processing reference: TypedVariable[name=helpTooltip,it=3,v=]
2026-07-07 19:18:26.016 DEBUG content 20098 _a-0000ee9a-01f5-8000-af67-01ef9001ef90_269263 Processing reference: TypedVariable[name=accessibilityText,it=3,v=]
2026-07-07 19:18:26.016 DEBUG content 20098 _a-0000ee9a-01f5-8000-af67-01ef9001ef90_269263 Processing reference: TypedVariable[name=searchDisplay,it=3,v=]
2026-07-07 19:18:26.016 DEBUG content 20098 _a-0000ee9a-01f5-8000-af67-01ef9001ef90_269263 Processing reference: TypedVariable[name=showWhen,it=26,v=<null>]
2026-07-07 19:18:26.016 DEBUG content 20098 _a-0000ee9a-01f5-8000-af67-01ef9001ef90_269263 Processing reference: TypedVariable[name=widthLabel,it=3,v=]
2026-07-07 19:18:26.016 DEBUG content 20098 _a-0000ee9a-01f5-8000-af67-01ef9001ef90_269263 Processing reference: TypedVariable[name=widthValue,it=3,v=]
2026-07-07 19:18:26.016 DEBUG content 20098 _a-0000ee9a-01f5-8000-af67-01ef9001ef90_269263 Processing reference: TypedVariable[name=isSideBySide,it=26,v=<null>]
2026-07-07 19:18:26.016 DEBUG content 20098 _a-0000ee9a-01f5-8000-af67-01ef9001ef90_269263 Processing reference: TypedVariable[name=sort,it=519,v=<null>]
2026-07-07 19:18:26.016 DEBUG content 20098 _a-0000ee9a-01f5-8000-af67-01ef9001ef90_269263 Processing reference: TypedVariable[name=marginBelow,it=3,v=]
2026-07-07 19:18:26.016 DEBUG content 20098 _a-0000ee9a-01f5-8000-af67-01ef9001ef90_269263 Processing reference: TypedVariable[name=marginAbove,it=3,v=]
2026-07-07 19:18:26.016 DEBUG content 20098 _a-0000ee9a-01f5-8000-af67-01ef9001ef90_269263 Processing reference: TypedVariable[name=showPlaceholder,it=26,v=<null>]
2026-07-07 19:18:26.016 DEBUG content 20098 _a-0000ee9a-01f5-8000-af67-01ef9001ef90_269263 Processing reference: Interface.parent
2026-07-07 19:18:26.017 DEBUG content 20098 _a-0000ee9a-01f5-8000-af67-01ef9001ef90_269263 Processing reference: com.appiancorp.suiteapi.content.ContentRoleMap@a7c8100[
  ContentRole[name=readers,inherit=true,allowForAll=false]
  ContentRole[name=authors,inherit=true,allowForAll=false]
  ContentRole[name=administrators,inherit=true,allowForAll=false]
  ContentRole[name=denyReaders,inherit=false,allowForAll=false]
  ContentRole[name=denyAuthors,inherit=false,allowForAll=false]
  ContentRole[name=denyAdministrators,inherit=false,allowForAll=false]
  securityVector=15:SEC_PUBLIC=true,SEC_CREATOR_ADMIN=false,SEC_INH_ADMIN=true,SEC_INH_EDITOR=true,SEC_INH_VIEWER=true,SEC_ALL_ADMIN=false,SEC_ALL_EDITOR=false,SEC_ALL_VIEWER=false
]
2026-07-07 19:18:26.017 DEBUG content 20098 _a-0000ee9a-01f5-8000-af67-01ef9001ef90_269263 Processing reference: ContentRole[name=readers,inherit=true,allowForAll=false]
2026-07-07 19:18:26.017 DEBUG content 20098 _a-0000ee9a-01f5-8000-af67-01ef9001ef90_269263 Processing reference: ContentRole[name=authors,inherit=true,allowForAll=false]
2026-07-07 19:18:26.017 DEBUG content 20098 _a-0000ee9a-01f5-8000-af67-01ef9001ef90_269263 Processing reference: ContentRole[name=administrators,inherit=true,allowForAll=false]
2026-07-07 19:18:26.017 DEBUG content 20098 _a-0000ee9a-01f5-8000-af67-01ef9001ef90_269263 Processing reference: ContentRole[name=denyReaders,inherit=false,allowForAll=false]
2026-07-07 19:18:26.017 DEBUG content 20098 _a-0000ee9a-01f5-8000-af67-01ef9001ef90_269263 Processing reference: ContentRole[name=denyAuthors,inherit=false,allowForAll=false]
2026-07-07 19:18:26.017 DEBUG content 20098 _a-0000ee9a-01f5-8000-af67-01ef9001ef90_269263 Processing reference: ContentRole[name=denyAdministrators,inherit=false,allowForAll=false]
2026-07-07 19:18:26.018 DEBUG content 20098 _a-0000ee9a-01f5-8000-af67-01ef9001ef90_269263 Exporting binary resources.
2026-07-07 19:18:26.018 DEBUG content 20098 _a-0000ee9a-01f5-8000-af67-01ef9001ef90_269263 Serializing object to XML.
2026-07-07 19:18:26.027 DEBUG content 20098 _a-0000ee9a-01f5-8000-af67-01ef9001ef90_269263 Object transported.
2026-07-07 19:18:26.027 DEBUG content 19813 _a-0000e712-ad81-8000-9ba5-011c48011c48_54709 Begin transport.
2026-07-07 19:18:26.027 DEBUG content 19813 _a-0000e712-ad81-8000-9ba5-011c48011c48_54709 Retrieving object data.
2026-07-07 19:18:26.031 DEBUG content 19813 _a-0000e712-ad81-8000-9ba5-011c48011c48_54709 Setting uuids of object references.
2026-07-07 19:18:26.031 DEBUG content 19813 _a-0000e712-ad81-8000-9ba5-011c48011c48_54709 Processing reference: [Content:id=5397,versionId=-1,name=IEM_ICO_LAYOUT_LegalSignatureLayout,type=32,subtype=6,uuid=_a-0000e712-ad81-8000-9ba5-011c48011c48_54709,parent=4065]
2026-07-07 19:18:26.035 DEBUG content 19813 _a-0000e712-ad81-8000-9ba5-011c48011c48_54709 Processing reference: Interface.forum
2026-07-07 19:18:26.035 DEBUG content 19813 _a-0000e712-ad81-8000-9ba5-011c48011c48_54709 Processing reference: TypedVariable[name=name,it=3,v=]
2026-07-07 19:18:26.035 DEBUG content 19813 _a-0000e712-ad81-8000-9ba5-011c48011c48_54709 Processing reference: TypedVariable[name=addressLine1,it=3,v=]
2026-07-07 19:18:26.035 DEBUG content 19813 _a-0000e712-ad81-8000-9ba5-011c48011c48_54709 Processing reference: TypedVariable[name=header,it=3,v=]
2026-07-07 19:18:26.035 DEBUG content 19813 _a-0000e712-ad81-8000-9ba5-011c48011c48_54709 Processing reference: TypedVariable[name=contents,it=97,v=<null>]
2026-07-07 19:18:26.035 DEBUG content 19813 _a-0000e712-ad81-8000-9ba5-011c48011c48_54709 Processing reference: TypedVariable[name=saveInto,it=193,v=<null>]
2026-07-07 19:18:26.035 DEBUG content 19813 _a-0000e712-ad81-8000-9ba5-011c48011c48_54709 Processing reference: TypedVariable[name=showWhen,it=26,v=<null>]
2026-07-07 19:18:26.036 DEBUG content 19813 _a-0000e712-ad81-8000-9ba5-011c48011c48_54709 Processing reference: TypedVariable[name=isReadOnly,it=26,v=<null>]
2026-07-07 19:18:26.036 DEBUG content 19813 _a-0000e712-ad81-8000-9ba5-011c48011c48_54709 Processing reference: TypedVariable[name=contentsHeader,it=97,v=<null>]
2026-07-07 19:18:26.036 DEBUG content 19813 _a-0000e712-ad81-8000-9ba5-011c48011c48_54709 Processing reference: TypedVariable[name=signature,it=13,v=<null>]
2026-07-07 19:18:26.036 DEBUG content 19813 _a-0000e712-ad81-8000-9ba5-011c48011c48_54709 Processing reference: TypedVariable[name=addressLine2,it=3,v=]
2026-07-07 19:18:26.036 DEBUG content 19813 _a-0000e712-ad81-8000-9ba5-011c48011c48_54709 Processing reference: TypedVariable[name=city,it=3,v=]
2026-07-07 19:18:26.036 DEBUG content 19813 _a-0000e712-ad81-8000-9ba5-011c48011c48_54709 Processing reference: TypedVariable[name=state,it=3,v=]
2026-07-07 19:18:26.036 DEBUG content 19813 _a-0000e712-ad81-8000-9ba5-011c48011c48_54709 Processing reference: TypedVariable[name=zipCode,it=3,v=]
2026-07-07 19:18:26.036 DEBUG content 19813 _a-0000e712-ad81-8000-9ba5-011c48011c48_54709 Processing reference: TypedVariable[name=showHeader,it=26,v=<null>]
2026-07-07 19:18:26.036 DEBUG content 19813 _a-0000e712-ad81-8000-9ba5-011c48011c48_54709 Processing reference: Interface.parent
2026-07-07 19:18:26.037 DEBUG content 19813 _a-0000e712-ad81-8000-9ba5-011c48011c48_54709 Processing reference: com.appiancorp.suiteapi.content.ContentRoleMap@25396d4c[
  ContentRole[name=readers,inherit=true,allowForAll=false]
  ContentRole[name=authors,inherit=true,allowForAll=false]
  ContentRole[name=administrators,inherit=true,allowForAll=false]
  ContentRole[name=denyReaders,inherit=false,allowForAll=false]
  ContentRole[name=denyAuthors,inherit=false,allowForAll=false]
  ContentRole[name=denyAdministrators,inherit=false,allowForAll=false]
  securityVector=15:SEC_PUBLIC=true,SEC_CREATOR_ADMIN=false,SEC_INH_ADMIN=true,SEC_INH_EDITOR=true,SEC_INH_VIEWER=true,SEC_ALL_ADMIN=false,SEC_ALL_EDITOR=false,SEC_ALL_VIEWER=false
]
2026-07-07 19:18:26.037 DEBUG content 19813 _a-0000e712-ad81-8000-9ba5-011c48011c48_54709 Processing reference: ContentRole[name=readers,inherit=true,allowForAll=false]
2026-07-07 19:18:26.037 DEBUG content 19813 _a-0000e712-ad81-8000-9ba5-011c48011c48_54709 Processing reference: ContentRole[name=authors,inherit=true,allowForAll=false]
2026-07-07 19:18:26.037 DEBUG content 19813 _a-0000e712-ad81-8000-9ba5-011c48011c48_54709 Processing reference: ContentRole[name=administrators,inherit=true,allowForAll=false]
2026-07-07 19:18:26.037 DEBUG content 19813 _a-0000e712-ad81-8000-9ba5-011c48011c48_54709 Processing reference: ContentRole[name=denyReaders,inherit=false,allowForAll=false]
2026-07-07 19:18:26.037 DEBUG content 19813 _a-0000e712-ad81-8000-9ba5-011c48011c48_54709 Processing reference: ContentRole[name=denyAuthors,inherit=false,allowForAll=false]
2026-07-07 19:18:26.037 DEBUG content 19813 _a-0000e712-ad81-8000-9ba5-011c48011c48_54709 Processing reference: ContentRole[name=denyAdministrators,inherit=false,allowForAll=false]
2026-07-07 19:18:26.037 DEBUG content 19813 _a-0000e712-ad81-8000-9ba5-011c48011c48_54709 Exporting binary resources.
2026-07-07 19:18:26.037 DEBUG content 19813 _a-0000e712-ad81-8000-9ba5-011c48011c48_54709 Serializing object to XML.
2026-07-07 19:18:26.039 DEBUG content 19813 _a-0000e712-ad81-8000-9ba5-011c48011c48_54709 Object transported.
2026-07-07 19:18:26.039 DEBUG content 20069 _a-0000efa8-4346-8000-3cdd-01ef9001ef90_250535 Begin transport.
2026-07-07 19:18:26.039 DEBUG content 20069 _a-0000efa8-4346-8000-3cdd-01ef9001ef90_250535 Retrieving object data.
2026-07-07 19:18:26.042 DEBUG content 20069 _a-0000efa8-4346-8000-3cdd-01ef9001ef90_250535 Setting uuids of object references.
2026-07-07 19:18:26.042 DEBUG content 20069 _a-0000efa8-4346-8000-3cdd-01ef9001ef90_250535 Processing reference: [Content:id=20062,versionId=-1,name=IEM_ICO_EXTRACT_RecordTypeUuid,type=32,subtype=1,uuid=_a-0000efa8-4346-8000-3cdd-01ef9001ef90_250535,parent=3513]
2026-07-07 19:18:26.044 DEBUG content 20069 _a-0000efa8-4346-8000-3cdd-01ef9001ef90_250535 Processing reference: FreeformRule.forum
2026-07-07 19:18:26.044 DEBUG content 20069 _a-0000efa8-4346-8000-3cdd-01ef9001ef90_250535 Processing reference: TypedVariable[name=recordType,it=272,v=<null>]
2026-07-07 19:18:26.044 DEBUG content 20069 _a-0000efa8-4346-8000-3cdd-01ef9001ef90_250535 Processing reference: FreeformRule.parent
2026-07-07 19:18:26.045 DEBUG content 20069 _a-0000efa8-4346-8000-3cdd-01ef9001ef90_250535 Processing reference: com.appiancorp.suiteapi.content.ContentRoleMap@72c92b30[
  ContentRole[name=readers,inherit=true,allowForAll=false]
  ContentRole[name=authors,inherit=true,allowForAll=false]
  ContentRole[name=administrators,inherit=true,allowForAll=false]
  ContentRole[name=denyReaders,inherit=false,allowForAll=false]
  ContentRole[name=denyAuthors,inherit=false,allowForAll=false]
  ContentRole[name=denyAdministrators,inherit=false,allowForAll=false]
  securityVector=15:SEC_PUBLIC=true,SEC_CREATOR_ADMIN=false,SEC_INH_ADMIN=true,SEC_INH_EDITOR=true,SEC_INH_VIEWER=true,SEC_ALL_ADMIN=false,SEC_ALL_EDITOR=false,SEC_ALL_VIEWER=false
]
2026-07-07 19:18:26.045 DEBUG content 20069 _a-0000efa8-4346-8000-3cdd-01ef9001ef90_250535 Processing reference: ContentRole[name=readers,inherit=true,allowForAll=false]
2026-07-07 19:18:26.045 DEBUG content 20069 _a-0000efa8-4346-8000-3cdd-01ef9001ef90_250535 Processing reference: ContentRole[name=authors,inherit=true,allowForAll=false]
2026-07-07 19:18:26.045 DEBUG content 20069 _a-0000efa8-4346-8000-3cdd-01ef9001ef90_250535 Processing reference: ContentRole[name=administrators,inherit=true,allowForAll=false]
2026-07-07 19:18:26.045 DEBUG content 20069 _a-0000efa8-4346-8000-3cdd-01ef9001ef90_250535 Processing reference: ContentRole[name=denyReaders,inherit=false,allowForAll=false]
2026-07-07 19:18:26.045 DEBUG content 20069 _a-0000efa8-4346-8000-3cdd-01ef9001ef90_250535 Processing reference: ContentRole[name=denyAuthors,inherit=false,allowForAll=false]
2026-07-07 19:18:26.045 DEBUG content 20069 _a-0000efa8-4346-8000-3cdd-01ef9001ef90_250535 Processing reference: ContentRole[name=denyAdministrators,inherit=false,allowForAll=false]
2026-07-07 19:18:26.045 DEBUG content 20069 _a-0000efa8-4346-8000-3cdd-01ef9001ef90_250535 Exporting binary resources.
2026-07-07 19:18:26.045 DEBUG content 20069 _a-0000efa8-4346-8000-3cdd-01ef9001ef90_250535 Serializing object to XML.
2026-07-07 19:18:26.046 DEBUG content 20069 _a-0000efa8-4346-8000-3cdd-01ef9001ef90_250535 Object transported.
2026-07-07 19:18:26.046 DEBUG content 20039 _a-0000eb49-2433-8000-af2a-01ef9001ef90_34633 Begin transport.
2026-07-07 19:18:26.046 DEBUG content 20039 _a-0000eb49-2433-8000-af2a-01ef9001ef90_34633 Retrieving object data.
2026-07-07 19:18:26.049 DEBUG content 20039 _a-0000eb49-2433-8000-af2a-01ef9001ef90_34633 Setting uuids of object references.
2026-07-07 19:18:26.049 DEBUG content 20039 _a-0000eb49-2433-8000-af2a-01ef9001ef90_34633 Processing reference: [Content:id=14598,versionId=-1,name=IEM_ICO_ENV_SERVER_ENVIRONMENT,type=32,subtype=0,uuid=_a-0000eb49-2433-8000-af2a-01ef9001ef90_34633,parent=3509]
2026-07-07 19:18:26.049 DEBUG content 20039 _a-0000eb49-2433-8000-af2a-01ef9001ef90_34633 Processing reference: Constant.forum
2026-07-07 19:18:26.049 DEBUG content 20039 _a-0000eb49-2433-8000-af2a-01ef9001ef90_34633 Processing reference: Constant.parent
2026-07-07 19:18:26.05 DEBUG content 20039 _a-0000eb49-2433-8000-af2a-01ef9001ef90_34633 Processing reference: com.appiancorp.suiteapi.content.ContentRoleMap@66dc9ce7[
  ContentRole[name=readers,inherit=true,allowForAll=false]
  ContentRole[name=authors,inherit=true,allowForAll=false]
  ContentRole[name=administrators,inherit=true,allowForAll=false]
  ContentRole[name=denyReaders,inherit=false,allowForAll=false]
  ContentRole[name=denyAuthors,inherit=false,allowForAll=false]
  ContentRole[name=denyAdministrators,inherit=false,allowForAll=false]
  securityVector=15:SEC_PUBLIC=true,SEC_CREATOR_ADMIN=false,SEC_INH_ADMIN=true,SEC_INH_EDITOR=true,SEC_INH_VIEWER=true,SEC_ALL_ADMIN=false,SEC_ALL_EDITOR=false,SEC_ALL_VIEWER=false
]
2026-07-07 19:18:26.05 DEBUG content 20039 _a-0000eb49-2433-8000-af2a-01ef9001ef90_34633 Processing reference: ContentRole[name=readers,inherit=true,allowForAll=false]
2026-07-07 19:18:26.05 DEBUG content 20039 _a-0000eb49-2433-8000-af2a-01ef9001ef90_34633 Processing reference: ContentRole[name=authors,inherit=true,allowForAll=false]
2026-07-07 19:18:26.05 DEBUG content 20039 _a-0000eb49-2433-8000-af2a-01ef9001ef90_34633 Processing reference: ContentRole[name=administrators,inherit=true,allowForAll=false]
2026-07-07 19:18:26.05 DEBUG content 20039 _a-0000eb49-2433-8000-af2a-01ef9001ef90_34633 Processing reference: ContentRole[name=denyReaders,inherit=false,allowForAll=false]
2026-07-07 19:18:26.05 DEBUG content 20039 _a-0000eb49-2433-8000-af2a-01ef9001ef90_34633 Processing reference: ContentRole[name=denyAuthors,inherit=false,allowForAll=false]
2026-07-07 19:18:26.05 DEBUG content 20039 _a-0000eb49-2433-8000-af2a-01ef9001ef90_34633 Processing reference: ContentRole[name=denyAdministrators,inherit=false,allowForAll=false]
2026-07-07 19:18:26.05 DEBUG content 20039 _a-0000eb49-2433-8000-af2a-01ef9001ef90_34633 Registering export properties.
2026-07-07 19:18:26.05 DEBUG content 20039 _a-0000eb49-2433-8000-af2a-01ef9001ef90_34633 Exporting binary resources.
2026-07-07 19:18:26.05 DEBUG content 20039 _a-0000eb49-2433-8000-af2a-01ef9001ef90_34633 Serializing object to XML.
2026-07-07 19:18:26.05 DEBUG content 20039 _a-0000eb49-2433-8000-af2a-01ef9001ef90_34633 Object transported.
2026-07-07 19:18:26.05 DEBUG content 20072 _a-0000efa8-4346-8000-3cdd-01ef9001ef90_250563 Begin transport.
2026-07-07 19:18:26.05 DEBUG content 20072 _a-0000efa8-4346-8000-3cdd-01ef9001ef90_250563 Retrieving object data.
2026-07-07 19:18:26.055 DEBUG content 20072 _a-0000efa8-4346-8000-3cdd-01ef9001ef90_250563 Setting uuids of object references.
2026-07-07 19:18:26.055 DEBUG content 20072 _a-0000efa8-4346-8000-3cdd-01ef9001ef90_250563 Processing reference: [Content:id=20066,versionId=-1,name=IEM_ICO_FORMAT_RecordSyncProperty,type=32,subtype=1,uuid=_a-0000efa8-4346-8000-3cdd-01ef9001ef90_250563,parent=3513]
2026-07-07 19:18:26.055 DEBUG content 20072 _a-0000efa8-4346-8000-3cdd-01ef9001ef90_250563 Processing reference: FreeformRule.forum
2026-07-07 19:18:26.055 DEBUG content 20072 _a-0000efa8-4346-8000-3cdd-01ef9001ef90_250563 Processing reference: TypedVariable[name=uuid,it=3,v=]
2026-07-07 19:18:26.055 DEBUG content 20072 _a-0000efa8-4346-8000-3cdd-01ef9001ef90_250563 Processing reference: FreeformRule.parent
2026-07-07 19:18:26.057 DEBUG content 20072 _a-0000efa8-4346-8000-3cdd-01ef9001ef90_250563 Processing reference: com.appiancorp.suiteapi.content.ContentRoleMap@5a9bcc14[
  ContentRole[name=readers,inherit=true,allowForAll=false]
  ContentRole[name=authors,inherit=true,allowForAll=false]
  ContentRole[name=administrators,inherit=true,allowForAll=false]
  ContentRole[name=denyReaders,inherit=false,allowForAll=false]
  ContentRole[name=denyAuthors,inherit=false,allowForAll=false]
  ContentRole[name=denyAdministrators,inherit=false,allowForAll=false]
  securityVector=15:SEC_PUBLIC=true,SEC_CREATOR_ADMIN=false,SEC_INH_ADMIN=true,SEC_INH_EDITOR=true,SEC_INH_VIEWER=true,SEC_ALL_ADMIN=false,SEC_ALL_EDITOR=false,SEC_ALL_VIEWER=false
]
2026-07-07 19:18:26.057 DEBUG content 20072 _a-0000efa8-4346-8000-3cdd-01ef9001ef90_250563 Processing reference: ContentRole[name=readers,inherit=true,allowForAll=false]
2026-07-07 19:18:26.057 DEBUG content 20072 _a-0000efa8-4346-8000-3cdd-01ef9001ef90_250563 Processing reference: ContentRole[name=authors,inherit=true,allowForAll=false]
2026-07-07 19:18:26.057 DEBUG content 20072 _a-0000efa8-4346-8000-3cdd-01ef9001ef90_250563 Processing reference: ContentRole[name=administrators,inherit=true,allowForAll=false]
2026-07-07 19:18:26.057 DEBUG content 20072 _a-0000efa8-4346-8000-3cdd-01ef9001ef90_250563 Processing reference: ContentRole[name=denyReaders,inherit=false,allowForAll=false]
2026-07-07 19:18:26.057 DEBUG content 20072 _a-0000efa8-4346-8000-3cdd-01ef9001ef90_250563 Processing reference: ContentRole[name=denyAuthors,inherit=false,allowForAll=false]
2026-07-07 19:18:26.057 DEBUG content 20072 _a-0000efa8-4346-8000-3cdd-01ef9001ef90_250563 Processing reference: ContentRole[name=denyAdministrators,inherit=false,allowForAll=false]
2026-07-07 19:18:26.057 DEBUG content 20072 _a-0000efa8-4346-8000-3cdd-01ef9001ef90_250563 Exporting binary resources.
2026-07-07 19:18:26.057 DEBUG content 20072 _a-0000efa8-4346-8000-3cdd-01ef9001ef90_250563 Serializing object to XML.
2026-07-07 19:18:26.058 DEBUG content 20072 _a-0000efa8-4346-8000-3cdd-01ef9001ef90_250563 Object transported.
2026-07-07 19:18:26.058 DEBUG content 20074 66fb2eab-3fb5-402e-9dbe-7588abf5f3d2 Begin transport.
2026-07-07 19:18:26.058 DEBUG content 20074 66fb2eab-3fb5-402e-9dbe-7588abf5f3d2 Retrieving object data.
2026-07-07 19:18:26.065 DEBUG content 20074 66fb2eab-3fb5-402e-9dbe-7588abf5f3d2 Setting uuids of object references.
2026-07-07 19:18:26.065 DEBUG content 20074 66fb2eab-3fb5-402e-9dbe-7588abf5f3d2 Processing reference: [Content:id=20060,versionId=-1,name=IEM_ICO_GENERATE_RecordSyncProperties,type=32,subtype=1,uuid=66fb2eab-3fb5-402e-9dbe-7588abf5f3d2,parent=3513]
2026-07-07 19:18:26.07 DEBUG content 20074 66fb2eab-3fb5-402e-9dbe-7588abf5f3d2 Processing reference: FreeformRule.forum
2026-07-07 19:18:26.07 DEBUG content 20074 66fb2eab-3fb5-402e-9dbe-7588abf5f3d2 Processing reference: TypedVariable[name=recordTypes,it=273,v=<null>]
2026-07-07 19:18:26.071 DEBUG content 20074 66fb2eab-3fb5-402e-9dbe-7588abf5f3d2 Processing reference: FreeformRule.parent
2026-07-07 19:18:26.072 DEBUG content 20074 66fb2eab-3fb5-402e-9dbe-7588abf5f3d2 Processing reference: com.appiancorp.suiteapi.content.ContentRoleMap@4a9f15dc[
  ContentRole[name=readers,inherit=true,allowForAll=false]
  ContentRole[name=authors,inherit=true,allowForAll=false]
  ContentRole[name=administrators,inherit=true,allowForAll=false]
  ContentRole[name=denyReaders,inherit=false,allowForAll=false]
  ContentRole[name=denyAuthors,inherit=false,allowForAll=false]
  ContentRole[name=denyAdministrators,inherit=false,allowForAll=false]
  securityVector=15:SEC_PUBLIC=true,SEC_CREATOR_ADMIN=false,SEC_INH_ADMIN=true,SEC_INH_EDITOR=true,SEC_INH_VIEWER=true,SEC_ALL_ADMIN=false,SEC_ALL_EDITOR=false,SEC_ALL_VIEWER=false
]
2026-07-07 19:18:26.072 DEBUG content 20074 66fb2eab-3fb5-402e-9dbe-7588abf5f3d2 Processing reference: ContentRole[name=readers,inherit=true,allowForAll=false]
2026-07-07 19:18:26.072 DEBUG content 20074 66fb2eab-3fb5-402e-9dbe-7588abf5f3d2 Processing reference: ContentRole[name=authors,inherit=true,allowForAll=false]
2026-07-07 19:18:26.072 DEBUG content 20074 66fb2eab-3fb5-402e-9dbe-7588abf5f3d2 Processing reference: ContentRole[name=administrators,inherit=true,allowForAll=false]
2026-07-07 19:18:26.072 DEBUG content 20074 66fb2eab-3fb5-402e-9dbe-7588abf5f3d2 Processing reference: ContentRole[name=denyReaders,inherit=false,allowForAll=false]
2026-07-07 19:18:26.072 DEBUG content 20074 66fb2eab-3fb5-402e-9dbe-7588abf5f3d2 Processing reference: ContentRole[name=denyAuthors,inherit=false,allowForAll=false]
2026-07-07 19:18:26.072 DEBUG content 20074 66fb2eab-3fb5-402e-9dbe-7588abf5f3d2 Processing reference: ContentRole[name=denyAdministrators,inherit=false,allowForAll=false]
2026-07-07 19:18:26.072 DEBUG content 20074 66fb2eab-3fb5-402e-9dbe-7588abf5f3d2 Exporting binary resources.
2026-07-07 19:18:26.072 DEBUG content 20074 66fb2eab-3fb5-402e-9dbe-7588abf5f3d2 Serializing object to XML.
2026-07-07 19:18:26.073 DEBUG content 20074 66fb2eab-3fb5-402e-9dbe-7588abf5f3d2 Object transported.
2026-07-07 19:18:26.073 DEBUG content 19755 _a-0000ef0f-9abf-8000-af69-01ef9001ef90_318937 Begin transport.
2026-07-07 19:18:26.073 DEBUG content 19755 _a-0000ef0f-9abf-8000-af69-01ef9001ef90_318937 Retrieving object data.
2026-07-07 19:18:26.078 DEBUG content 19755 _a-0000ef0f-9abf-8000-af69-01ef9001ef90_318937 Setting uuids of object references.
2026-07-07 19:18:26.078 DEBUG content 19755 _a-0000ef0f-9abf-8000-af69-01ef9001ef90_318937 Processing reference: [Content:id=18616,versionId=-1,name=IEM_ICO_CMPT_RecordLinkField,type=32,subtype=6,uuid=_a-0000ef0f-9abf-8000-af69-01ef9001ef90_318937,parent=4065]
2026-07-07 19:18:26.081 DEBUG content 19755 _a-0000ef0f-9abf-8000-af69-01ef9001ef90_318937 Processing reference: Interface.forum
2026-07-07 19:18:26.081 DEBUG content 19755 _a-0000ef0f-9abf-8000-af69-01ef9001ef90_318937 Processing reference: TypedVariable[name=label,it=3,v=]
2026-07-07 19:18:26.081 DEBUG content 19755 _a-0000ef0f-9abf-8000-af69-01ef9001ef90_318937 Processing reference: TypedVariable[name=recordType,it=272,v=<null>]
2026-07-07 19:18:26.081 DEBUG content 19755 _a-0000ef0f-9abf-8000-af69-01ef9001ef90_318937 Processing reference: TypedVariable[name=recordId,it=97,v=<null>]
2026-07-07 19:18:26.081 DEBUG content 19755 _a-0000ef0f-9abf-8000-af69-01ef9001ef90_318937 Processing reference: TypedVariable[name=labelPosition,it=3,v=]
2026-07-07 19:18:26.081 DEBUG content 19755 _a-0000ef0f-9abf-8000-af69-01ef9001ef90_318937 Processing reference: TypedVariable[name=labelLink,it=3,v=]
2026-07-07 19:18:26.081 DEBUG content 19755 _a-0000ef0f-9abf-8000-af69-01ef9001ef90_318937 Processing reference: TypedVariable[name=marginBelow,it=3,v=]
2026-07-07 19:18:26.081 DEBUG content 19755 _a-0000ef0f-9abf-8000-af69-01ef9001ef90_318937 Processing reference: TypedVariable[name=helpTooltip,it=3,v=]
2026-07-07 19:18:26.081 DEBUG content 19755 _a-0000ef0f-9abf-8000-af69-01ef9001ef90_318937 Processing reference: TypedVariable[name=showWhen,it=26,v=<null>]
2026-07-07 19:18:26.081 DEBUG content 19755 _a-0000ef0f-9abf-8000-af69-01ef9001ef90_318937 Processing reference: TypedVariable[name=size,it=3,v=]
2026-07-07 19:18:26.081 DEBUG content 19755 _a-0000ef0f-9abf-8000-af69-01ef9001ef90_318937 Processing reference: TypedVariable[name=color,it=3,v=]
2026-07-07 19:18:26.081 DEBUG content 19755 _a-0000ef0f-9abf-8000-af69-01ef9001ef90_318937 Processing reference: TypedVariable[name=linkStyle,it=3,v=]
2026-07-07 19:18:26.081 DEBUG content 19755 _a-0000ef0f-9abf-8000-af69-01ef9001ef90_318937 Processing reference: Interface.parent
2026-07-07 19:18:26.082 DEBUG content 19755 _a-0000ef0f-9abf-8000-af69-01ef9001ef90_318937 Processing reference: com.appiancorp.suiteapi.content.ContentRoleMap@54cb949c[
  ContentRole[name=readers,inherit=true,allowForAll=false]
  ContentRole[name=authors,inherit=true,allowForAll=false]
  ContentRole[name=administrators,inherit=true,allowForAll=false]
  ContentRole[name=denyReaders,inherit=false,allowForAll=false]
  ContentRole[name=denyAuthors,inherit=false,allowForAll=false]
  ContentRole[name=denyAdministrators,inherit=false,allowForAll=false]
  securityVector=15:SEC_PUBLIC=true,SEC_CREATOR_ADMIN=false,SEC_INH_ADMIN=true,SEC_INH_EDITOR=true,SEC_INH_VIEWER=true,SEC_ALL_ADMIN=false,SEC_ALL_EDITOR=false,SEC_ALL_VIEWER=false
]
2026-07-07 19:18:26.082 DEBUG content 19755 _a-0000ef0f-9abf-8000-af69-01ef9001ef90_318937 Processing reference: ContentRole[name=readers,inherit=true,allowForAll=false]
2026-07-07 19:18:26.082 DEBUG content 19755 _a-0000ef0f-9abf-8000-af69-01ef9001ef90_318937 Processing reference: ContentRole[name=authors,inherit=true,allowForAll=false]
2026-07-07 19:18:26.082 DEBUG content 19755 _a-0000ef0f-9abf-8000-af69-01ef9001ef90_318937 Processing reference: ContentRole[name=administrators,inherit=true,allowForAll=false]
2026-07-07 19:18:26.082 DEBUG content 19755 _a-0000ef0f-9abf-8000-af69-01ef9001ef90_318937 Processing reference: ContentRole[name=denyReaders,inherit=false,allowForAll=false]
2026-07-07 19:18:26.082 DEBUG content 19755 _a-0000ef0f-9abf-8000-af69-01ef9001ef90_318937 Processing reference: ContentRole[name=denyAuthors,inherit=false,allowForAll=false]
2026-07-07 19:18:26.082 DEBUG content 19755 _a-0000ef0f-9abf-8000-af69-01ef9001ef90_318937 Processing reference: ContentRole[name=denyAdministrators,inherit=false,allowForAll=false]
2026-07-07 19:18:26.082 DEBUG content 19755 _a-0000ef0f-9abf-8000-af69-01ef9001ef90_318937 Exporting binary resources.
2026-07-07 19:18:26.082 DEBUG content 19755 _a-0000ef0f-9abf-8000-af69-01ef9001ef90_318937 Serializing object to XML.
2026-07-07 19:18:26.084 DEBUG content 19755 _a-0000ef0f-9abf-8000-af69-01ef9001ef90_318937 Object transported.
2026-07-07 19:18:26.084 DEBUG content 19819 _a-0000e798-6561-8000-9bb5-011c48011c48_92367 Begin transport.
2026-07-07 19:18:26.084 DEBUG content 19819 _a-0000e798-6561-8000-9bb5-011c48011c48_92367 Retrieving object data.
2026-07-07 19:18:26.089 DEBUG content 19819 _a-0000e798-6561-8000-9bb5-011c48011c48_92367 Setting uuids of object references.
2026-07-07 19:18:26.089 DEBUG content 19819 _a-0000e798-6561-8000-9bb5-011c48011c48_92367 Processing reference: [Content:id=6626,versionId=-1,name=IEM_ICO_CMPT_SaveAndExitButton,type=32,subtype=6,uuid=_a-0000e798-6561-8000-9bb5-011c48011c48_92367,parent=4065]
2026-07-07 19:18:26.096 DEBUG content 19819 _a-0000e798-6561-8000-9bb5-011c48011c48_92367 Processing reference: Interface.forum
2026-07-07 19:18:26.096 DEBUG content 19819 _a-0000e798-6561-8000-9bb5-011c48011c48_92367 Processing reference: TypedVariable[name=userAction,it=3,v=]
2026-07-07 19:18:26.096 DEBUG content 19819 _a-0000e798-6561-8000-9bb5-011c48011c48_92367 Processing reference: TypedVariable[name=saveInto,it=193,v=<null>]
2026-07-07 19:18:26.097 DEBUG content 19819 _a-0000e798-6561-8000-9bb5-011c48011c48_92367 Processing reference: TypedVariable[name=submit,it=26,v=<null>]
2026-07-07 19:18:26.097 DEBUG content 19819 _a-0000e798-6561-8000-9bb5-011c48011c48_92367 Processing reference: TypedVariable[name=tooltip,it=3,v=]
2026-07-07 19:18:26.097 DEBUG content 19819 _a-0000e798-6561-8000-9bb5-011c48011c48_92367 Processing reference: TypedVariable[name=icon,it=3,v=]
2026-07-07 19:18:26.097 DEBUG content 19819 _a-0000e798-6561-8000-9bb5-011c48011c48_92367 Processing reference: TypedVariable[name=size,it=3,v=]
2026-07-07 19:18:26.097 DEBUG content 19819 _a-0000e798-6561-8000-9bb5-011c48011c48_92367 Processing reference: TypedVariable[name=width,it=3,v=]
2026-07-07 19:18:26.097 DEBUG content 19819 _a-0000e798-6561-8000-9bb5-011c48011c48_92367 Processing reference: TypedVariable[name=loadingIndicator,it=26,v=<null>]
2026-07-07 19:18:26.097 DEBUG content 19819 _a-0000e798-6561-8000-9bb5-011c48011c48_92367 Processing reference: TypedVariable[name=disabled,it=26,v=<null>]
2026-07-07 19:18:26.097 DEBUG content 19819 _a-0000e798-6561-8000-9bb5-011c48011c48_92367 Processing reference: TypedVariable[name=validationGroup,it=3,v=]
2026-07-07 19:18:26.097 DEBUG content 19819 _a-0000e798-6561-8000-9bb5-011c48011c48_92367 Processing reference: TypedVariable[name=confirmHeader,it=3,v=]
2026-07-07 19:18:26.097 DEBUG content 19819 _a-0000e798-6561-8000-9bb5-011c48011c48_92367 Processing reference: TypedVariable[name=confirmMessage,it=3,v=]
2026-07-07 19:18:26.097 DEBUG content 19819 _a-0000e798-6561-8000-9bb5-011c48011c48_92367 Processing reference: TypedVariable[name=cancelButtonLabel,it=3,v=]
2026-07-07 19:18:26.097 DEBUG content 19819 _a-0000e798-6561-8000-9bb5-011c48011c48_92367 Processing reference: TypedVariable[name=confirmButtonLabel,it=3,v=]
2026-07-07 19:18:26.097 DEBUG content 19819 _a-0000e798-6561-8000-9bb5-011c48011c48_92367 Processing reference: TypedVariable[name=showWhen,it=26,v=<null>]
2026-07-07 19:18:26.097 DEBUG content 19819 _a-0000e798-6561-8000-9bb5-011c48011c48_92367 Processing reference: TypedVariable[name=label,it=3,v=]
2026-07-07 19:18:26.097 DEBUG content 19819 _a-0000e798-6561-8000-9bb5-011c48011c48_92367 Processing reference: TypedVariable[name=validate,it=26,v=<null>]
2026-07-07 19:18:26.097 DEBUG content 19819 _a-0000e798-6561-8000-9bb5-011c48011c48_92367 Processing reference: Interface.parent
2026-07-07 19:18:26.098 DEBUG content 19819 _a-0000e798-6561-8000-9bb5-011c48011c48_92367 Processing reference: com.appiancorp.suiteapi.content.ContentRoleMap@24d308ee[
  ContentRole[name=readers,inherit=true,allowForAll=false]
  ContentRole[name=authors,inherit=true,allowForAll=false]
  ContentRole[name=administrators,inherit=true,allowForAll=false]
  ContentRole[name=denyReaders,inherit=false,allowForAll=false]
  ContentRole[name=denyAuthors,inherit=false,allowForAll=false]
  ContentRole[name=denyAdministrators,inherit=false,allowForAll=false]
  securityVector=15:SEC_PUBLIC=true,SEC_CREATOR_ADMIN=false,SEC_INH_ADMIN=true,SEC_INH_EDITOR=true,SEC_INH_VIEWER=true,SEC_ALL_ADMIN=false,SEC_ALL_EDITOR=false,SEC_ALL_VIEWER=false
]
2026-07-07 19:18:26.098 DEBUG content 19819 _a-0000e798-6561-8000-9bb5-011c48011c48_92367 Processing reference: ContentRole[name=readers,inherit=true,allowForAll=false]
2026-07-07 19:18:26.098 DEBUG content 19819 _a-0000e798-6561-8000-9bb5-011c48011c48_92367 Processing reference: ContentRole[name=authors,inherit=true,allowForAll=false]
2026-07-07 19:18:26.098 DEBUG content 19819 _a-0000e798-6561-8000-9bb5-011c48011c48_92367 Processing reference: ContentRole[name=administrators,inherit=true,allowForAll=false]
2026-07-07 19:18:26.098 DEBUG content 19819 _a-0000e798-6561-8000-9bb5-011c48011c48_92367 Processing reference: ContentRole[name=denyReaders,inherit=false,allowForAll=false]
2026-07-07 19:18:26.098 DEBUG content 19819 _a-0000e798-6561-8000-9bb5-011c48011c48_92367 Processing reference: ContentRole[name=denyAuthors,inherit=false,allowForAll=false]
2026-07-07 19:18:26.098 DEBUG content 19819 _a-0000e798-6561-8000-9bb5-011c48011c48_92367 Processing reference: ContentRole[name=denyAdministrators,inherit=false,allowForAll=false]
2026-07-07 19:18:26.098 DEBUG content 19819 _a-0000e798-6561-8000-9bb5-011c48011c48_92367 Exporting binary resources.
2026-07-07 19:18:26.098 DEBUG content 19819 _a-0000e798-6561-8000-9bb5-011c48011c48_92367 Serializing object to XML.
2026-07-07 19:18:26.1 DEBUG content 19819 _a-0000e798-6561-8000-9bb5-011c48011c48_92367 Object transported.
2026-07-07 19:18:26.1 DEBUG content 19757 _a-0000e92e-5d05-8000-9be3-011c48011c48_589166 Begin transport.
2026-07-07 19:18:26.1 DEBUG content 19757 _a-0000e92e-5d05-8000-9be3-011c48011c48_589166 Retrieving object data.
2026-07-07 19:18:26.104 DEBUG content 19757 _a-0000e92e-5d05-8000-9be3-011c48011c48_589166 Setting uuids of object references.
2026-07-07 19:18:26.104 DEBUG content 19757 _a-0000e92e-5d05-8000-9be3-011c48011c48_589166 Processing reference: [Content:id=4441,versionId=-1,name=IEM_ICO_FILTER_ArrayForPicker,type=32,subtype=1,uuid=_a-0000e92e-5d05-8000-9be3-011c48011c48_589166,parent=3513]
2026-07-07 19:18:26.105 DEBUG content 19757 _a-0000e92e-5d05-8000-9be3-011c48011c48_589166 Processing reference: FreeformRule.forum
2026-07-07 19:18:26.105 DEBUG content 19757 _a-0000e92e-5d05-8000-9be3-011c48011c48_589166 Processing reference: TypedVariable[name=filter,it=3,v=]
2026-07-07 19:18:26.105 DEBUG content 19757 _a-0000e92e-5d05-8000-9be3-011c48011c48_589166 Processing reference: TypedVariable[name=identifiers,it=103,v=<null>]
2026-07-07 19:18:26.105 DEBUG content 19757 _a-0000e92e-5d05-8000-9be3-011c48011c48_589166 Processing reference: TypedVariable[name=labels,it=103,v=<null>]
2026-07-07 19:18:26.105 DEBUG content 19757 _a-0000e92e-5d05-8000-9be3-011c48011c48_589166 Processing reference: TypedVariable[name=allowCustomEntries,it=26,v=<null>]
2026-07-07 19:18:26.105 DEBUG content 19757 _a-0000e92e-5d05-8000-9be3-011c48011c48_589166 Processing reference: FreeformRule.parent
2026-07-07 19:18:26.106 DEBUG content 19757 _a-0000e92e-5d05-8000-9be3-011c48011c48_589166 Processing reference: com.appiancorp.suiteapi.content.ContentRoleMap@79d4c509[
  ContentRole[name=readers,inherit=true,allowForAll=false]
  ContentRole[name=authors,inherit=true,allowForAll=false]
  ContentRole[name=administrators,inherit=true,allowForAll=false]
  ContentRole[name=denyReaders,inherit=false,allowForAll=false]
  ContentRole[name=denyAuthors,inherit=false,allowForAll=false]
  ContentRole[name=denyAdministrators,inherit=false,allowForAll=false]
  securityVector=15:SEC_PUBLIC=true,SEC_CREATOR_ADMIN=false,SEC_INH_ADMIN=true,SEC_INH_EDITOR=true,SEC_INH_VIEWER=true,SEC_ALL_ADMIN=false,SEC_ALL_EDITOR=false,SEC_ALL_VIEWER=false
]
2026-07-07 19:18:26.106 DEBUG content 19757 _a-0000e92e-5d05-8000-9be3-011c48011c48_589166 Processing reference: ContentRole[name=readers,inherit=true,allowForAll=false]
2026-07-07 19:18:26.106 DEBUG content 19757 _a-0000e92e-5d05-8000-9be3-011c48011c48_589166 Processing reference: ContentRole[name=authors,inherit=true,allowForAll=false]
2026-07-07 19:18:26.106 DEBUG content 19757 _a-0000e92e-5d05-8000-9be3-011c48011c48_589166 Processing reference: ContentRole[name=administrators,inherit=true,allowForAll=false]
2026-07-07 19:18:26.106 DEBUG content 19757 _a-0000e92e-5d05-8000-9be3-011c48011c48_589166 Processing reference: ContentRole[name=denyReaders,inherit=false,allowForAll=false]
2026-07-07 19:18:26.106 DEBUG content 19757 _a-0000e92e-5d05-8000-9be3-011c48011c48_589166 Processing reference: ContentRole[name=denyAuthors,inherit=false,allowForAll=false]
2026-07-07 19:18:26.106 DEBUG content 19757 _a-0000e92e-5d05-8000-9be3-011c48011c48_589166 Processing reference: ContentRole[name=denyAdministrators,inherit=false,allowForAll=false]
2026-07-07 19:18:26.106 DEBUG content 19757 _a-0000e92e-5d05-8000-9be3-011c48011c48_589166 Exporting binary resources.
2026-07-07 19:18:26.106 DEBUG content 19757 _a-0000e92e-5d05-8000-9be3-011c48011c48_589166 Serializing object to XML.
2026-07-07 19:18:26.108 DEBUG content 19757 _a-0000e92e-5d05-8000-9be3-011c48011c48_589166 Object transported.
2026-07-07 19:18:26.108 DEBUG content 19758 _a-0000e781-fc21-8000-9bb3-011c48011c48_63430 Begin transport.
2026-07-07 19:18:26.108 DEBUG content 19758 _a-0000e781-fc21-8000-9bb3-011c48011c48_63430 Retrieving object data.
2026-07-07 19:18:26.112 DEBUG content 19758 _a-0000e781-fc21-8000-9bb3-011c48011c48_63430 Setting uuids of object references.
2026-07-07 19:18:26.112 DEBUG content 19758 _a-0000e781-fc21-8000-9bb3-011c48011c48_63430 Processing reference: [Content:id=4068,versionId=-1,name=IEM_ICO_CMPT_DropdownField,type=32,subtype=6,uuid=_a-0000e781-fc21-8000-9bb3-011c48011c48_63430,parent=4065]
2026-07-07 19:18:26.114 DEBUG content 19758 _a-0000e781-fc21-8000-9bb3-011c48011c48_63430 Processing reference: Interface.forum
2026-07-07 19:18:26.114 DEBUG content 19758 _a-0000e781-fc21-8000-9bb3-011c48011c48_63430 Processing reference: TypedVariable[name=label,it=3,v=]
2026-07-07 19:18:26.114 DEBUG content 19758 _a-0000e781-fc21-8000-9bb3-011c48011c48_63430 Processing reference: TypedVariable[name=labelPosition,it=3,v=]
2026-07-07 19:18:26.114 DEBUG content 19758 _a-0000e781-fc21-8000-9bb3-011c48011c48_63430 Processing reference: TypedVariable[name=instructions,it=3,v=]
2026-07-07 19:18:26.114 DEBUG content 19758 _a-0000e781-fc21-8000-9bb3-011c48011c48_63430 Processing reference: TypedVariable[name=isRequired,it=26,v=<null>]
2026-07-07 19:18:26.114 DEBUG content 19758 _a-0000e781-fc21-8000-9bb3-011c48011c48_63430 Processing reference: TypedVariable[name=requiredMessage,it=3,v=]
2026-07-07 19:18:26.114 DEBUG content 19758 _a-0000e781-fc21-8000-9bb3-011c48011c48_63430 Processing reference: TypedVariable[name=isReadOnly,it=26,v=<null>]
2026-07-07 19:18:26.114 DEBUG content 19758 _a-0000e781-fc21-8000-9bb3-011c48011c48_63430 Processing reference: TypedVariable[name=isDisabled,it=26,v=<null>]
2026-07-07 19:18:26.114 DEBUG content 19758 _a-0000e781-fc21-8000-9bb3-011c48011c48_63430 Processing reference: TypedVariable[name=value,it=97,v=<null>]
2026-07-07 19:18:26.114 DEBUG content 19758 _a-0000e781-fc21-8000-9bb3-011c48011c48_63430 Processing reference: TypedVariable[name=saveInto,it=193,v=<null>]
2026-07-07 19:18:26.114 DEBUG content 19758 _a-0000e781-fc21-8000-9bb3-011c48011c48_63430 Processing reference: TypedVariable[name=validationGroup,it=3,v=]
2026-07-07 19:18:26.114 DEBUG content 19758 _a-0000e781-fc21-8000-9bb3-011c48011c48_63430 Processing reference: TypedVariable[name=validations,it=103,v=<null>]
2026-07-07 19:18:26.114 DEBUG content 19758 _a-0000e781-fc21-8000-9bb3-011c48011c48_63430 Processing reference: TypedVariable[name=placeholder,it=3,v=]
2026-07-07 19:18:26.114 DEBUG content 19758 _a-0000e781-fc21-8000-9bb3-011c48011c48_63430 Processing reference: TypedVariable[name=helpTooltip,it=3,v=]
2026-07-07 19:18:26.114 DEBUG content 19758 _a-0000e781-fc21-8000-9bb3-011c48011c48_63430 Processing reference: TypedVariable[name=choiceLabels,it=97,v=<null>]
2026-07-07 19:18:26.114 DEBUG content 19758 _a-0000e781-fc21-8000-9bb3-011c48011c48_63430 Processing reference: TypedVariable[name=accessibilityText,it=3,v=]
2026-07-07 19:18:26.114 DEBUG content 19758 _a-0000e781-fc21-8000-9bb3-011c48011c48_63430 Processing reference: TypedVariable[name=searchDisplay,it=3,v=]
2026-07-07 19:18:26.114 DEBUG content 19758 _a-0000e781-fc21-8000-9bb3-011c48011c48_63430 Processing reference: TypedVariable[name=choiceValues,it=97,v=<null>]
2026-07-07 19:18:26.114 DEBUG content 19758 _a-0000e781-fc21-8000-9bb3-011c48011c48_63430 Processing reference: TypedVariable[name=showWhen,it=26,v=<null>]
2026-07-07 19:18:26.114 DEBUG content 19758 _a-0000e781-fc21-8000-9bb3-011c48011c48_63430 Processing reference: TypedVariable[name=widthLabel,it=3,v=]
2026-07-07 19:18:26.114 DEBUG content 19758 _a-0000e781-fc21-8000-9bb3-011c48011c48_63430 Processing reference: TypedVariable[name=widthValue,it=3,v=]
2026-07-07 19:18:26.114 DEBUG content 19758 _a-0000e781-fc21-8000-9bb3-011c48011c48_63430 Processing reference: TypedVariable[name=isSideBySide,it=26,v=<null>]
2026-07-07 19:18:26.114 DEBUG content 19758 _a-0000e781-fc21-8000-9bb3-011c48011c48_63430 Processing reference: TypedVariable[name=data,it=97,v=<null>]
2026-07-07 19:18:26.114 DEBUG content 19758 _a-0000e781-fc21-8000-9bb3-011c48011c48_63430 Processing reference: TypedVariable[name=sort,it=519,v=<null>]
2026-07-07 19:18:26.114 DEBUG content 19758 _a-0000e781-fc21-8000-9bb3-011c48011c48_63430 Processing reference: TypedVariable[name=marginBelow,it=3,v=]
2026-07-07 19:18:26.114 DEBUG content 19758 _a-0000e781-fc21-8000-9bb3-011c48011c48_63430 Processing reference: TypedVariable[name=marginAbove,it=3,v=]
2026-07-07 19:18:26.114 DEBUG content 19758 _a-0000e781-fc21-8000-9bb3-011c48011c48_63430 Processing reference: TypedVariable[name=showPlaceholder,it=26,v=<null>]
2026-07-07 19:18:26.114 DEBUG content 19758 _a-0000e781-fc21-8000-9bb3-011c48011c48_63430 Processing reference: Interface.parent
2026-07-07 19:18:26.115 DEBUG content 19758 _a-0000e781-fc21-8000-9bb3-011c48011c48_63430 Processing reference: com.appiancorp.suiteapi.content.ContentRoleMap@19ffcda5[
  ContentRole[name=readers,inherit=true,allowForAll=false]
  ContentRole[name=authors,inherit=true,allowForAll=false]
  ContentRole[name=administrators,inherit=true,allowForAll=false]
  ContentRole[name=denyReaders,inherit=false,allowForAll=false]
  ContentRole[name=denyAuthors,inherit=false,allowForAll=false]
  ContentRole[name=denyAdministrators,inherit=false,allowForAll=false]
  securityVector=15:SEC_PUBLIC=true,SEC_CREATOR_ADMIN=false,SEC_INH_ADMIN=true,SEC_INH_EDITOR=true,SEC_INH_VIEWER=true,SEC_ALL_ADMIN=false,SEC_ALL_EDITOR=false,SEC_ALL_VIEWER=false
]
2026-07-07 19:18:26.115 DEBUG content 19758 _a-0000e781-fc21-8000-9bb3-011c48011c48_63430 Processing reference: ContentRole[name=readers,inherit=true,allowForAll=false]
2026-07-07 19:18:26.115 DEBUG content 19758 _a-0000e781-fc21-8000-9bb3-011c48011c48_63430 Processing reference: ContentRole[name=authors,inherit=true,allowForAll=false]
2026-07-07 19:18:26.115 DEBUG content 19758 _a-0000e781-fc21-8000-9bb3-011c48011c48_63430 Processing reference: ContentRole[name=administrators,inherit=true,allowForAll=false]
2026-07-07 19:18:26.115 DEBUG content 19758 _a-0000e781-fc21-8000-9bb3-011c48011c48_63430 Processing reference: ContentRole[name=denyReaders,inherit=false,allowForAll=false]
2026-07-07 19:18:26.115 DEBUG content 19758 _a-0000e781-fc21-8000-9bb3-011c48011c48_63430 Processing reference: ContentRole[name=denyAuthors,inherit=false,allowForAll=false]
2026-07-07 19:18:26.115 DEBUG content 19758 _a-0000e781-fc21-8000-9bb3-011c48011c48_63430 Processing reference: ContentRole[name=denyAdministrators,inherit=false,allowForAll=false]
2026-07-07 19:18:26.116 DEBUG content 19758 _a-0000e781-fc21-8000-9bb3-011c48011c48_63430 Exporting binary resources.
2026-07-07 19:18:26.116 DEBUG content 19758 _a-0000e781-fc21-8000-9bb3-011c48011c48_63430 Serializing object to XML.
2026-07-07 19:18:26.119 DEBUG content 19758 _a-0000e781-fc21-8000-9bb3-011c48011c48_63430 Object transported.
2026-07-07 19:18:26.119 DEBUG content 19759 _a-0000e2c3-93ef-8000-9ba2-011c48011c48_2376175 Begin transport.
2026-07-07 19:18:26.119 DEBUG content 19759 _a-0000e2c3-93ef-8000-9ba2-011c48011c48_2376175 Retrieving object data.
2026-07-07 19:18:26.124 DEBUG content 19759 _a-0000e2c3-93ef-8000-9ba2-011c48011c48_2376175 Setting uuids of object references.
2026-07-07 19:18:26.124 DEBUG content 19759 _a-0000e2c3-93ef-8000-9ba2-011c48011c48_2376175 Processing reference: [Content:id=8726,versionId=-1,name=IEM_ICO_CUSTOM_RECEIVE_ALERTS,type=32,subtype=0,uuid=_a-0000e2c3-93ef-8000-9ba2-011c48011c48_2376175,parent=3509]
2026-07-07 19:18:26.125 DEBUG content 19759 _a-0000e2c3-93ef-8000-9ba2-011c48011c48_2376175 Processing reference: Constant.forum
2026-07-07 19:18:26.125 DEBUG content 19759 _a-0000e2c3-93ef-8000-9ba2-011c48011c48_2376175 Processing reference: Constant.parent
2026-07-07 19:18:26.126 DEBUG content 19759 _a-0000e2c3-93ef-8000-9ba2-011c48011c48_2376175 Processing reference: com.appiancorp.suiteapi.content.ContentRoleMap@5384bcc4[
  ContentRole[name=readers,inherit=true,allowForAll=false]
  ContentRole[name=authors,inherit=true,allowForAll=false]
  ContentRole[name=administrators,inherit=true,allowForAll=false]
  ContentRole[name=denyReaders,inherit=false,allowForAll=false]
  ContentRole[name=denyAuthors,inherit=false,allowForAll=false]
  ContentRole[name=denyAdministrators,inherit=false,allowForAll=false]
  securityVector=15:SEC_PUBLIC=true,SEC_CREATOR_ADMIN=false,SEC_INH_ADMIN=true,SEC_INH_EDITOR=true,SEC_INH_VIEWER=true,SEC_ALL_ADMIN=false,SEC_ALL_EDITOR=false,SEC_ALL_VIEWER=false
]
2026-07-07 19:18:26.126 DEBUG content 19759 _a-0000e2c3-93ef-8000-9ba2-011c48011c48_2376175 Processing reference: ContentRole[name=readers,inherit=true,allowForAll=false]
2026-07-07 19:18:26.126 DEBUG content 19759 _a-0000e2c3-93ef-8000-9ba2-011c48011c48_2376175 Processing reference: ContentRole[name=authors,inherit=true,allowForAll=false]
2026-07-07 19:18:26.126 DEBUG content 19759 _a-0000e2c3-93ef-8000-9ba2-011c48011c48_2376175 Processing reference: ContentRole[name=administrators,inherit=true,allowForAll=false]
2026-07-07 19:18:26.126 DEBUG content 19759 _a-0000e2c3-93ef-8000-9ba2-011c48011c48_2376175 Processing reference: ContentRole[name=denyReaders,inherit=false,allowForAll=false]
2026-07-07 19:18:26.126 DEBUG content 19759 _a-0000e2c3-93ef-8000-9ba2-011c48011c48_2376175 Processing reference: ContentRole[name=denyAuthors,inherit=false,allowForAll=false]
2026-07-07 19:18:26.126 DEBUG content 19759 _a-0000e2c3-93ef-8000-9ba2-011c48011c48_2376175 Processing reference: ContentRole[name=denyAdministrators,inherit=false,allowForAll=false]
2026-07-07 19:18:26.126 DEBUG content 19759 _a-0000e2c3-93ef-8000-9ba2-011c48011c48_2376175 Exporting binary resources.
2026-07-07 19:18:26.126 DEBUG content 19759 _a-0000e2c3-93ef-8000-9ba2-011c48011c48_2376175 Serializing object to XML.
2026-07-07 19:18:26.127 DEBUG content 19759 _a-0000e2c3-93ef-8000-9ba2-011c48011c48_2376175 Object transported.
2026-07-07 19:18:26.127 DEBUG content 19792 _a-0000e712-ad81-8000-9ba5-011c48011c48_40344 Begin transport.
2026-07-07 19:18:26.127 DEBUG content 19792 _a-0000e712-ad81-8000-9ba5-011c48011c48_40344 Retrieving object data.
2026-07-07 19:18:26.132 DEBUG content 19792 _a-0000e712-ad81-8000-9ba5-011c48011c48_40344 Setting uuids of object references.
2026-07-07 19:18:26.132 DEBUG content 19792 _a-0000e712-ad81-8000-9ba5-011c48011c48_40344 Processing reference: [Content:id=4319,versionId=-1,name=IEM_ICO_CMPT_HeaderField,type=32,subtype=6,uuid=_a-0000e712-ad81-8000-9ba5-011c48011c48_40344,parent=4065]
2026-07-07 19:18:26.139 DEBUG content 19792 _a-0000e712-ad81-8000-9ba5-011c48011c48_40344 Processing reference: Interface.forum
2026-07-07 19:18:26.139 DEBUG content 19792 _a-0000e712-ad81-8000-9ba5-011c48011c48_40344 Processing reference: TypedVariable[name=text,it=3,v=]
2026-07-07 19:18:26.139 DEBUG content 19792 _a-0000e712-ad81-8000-9ba5-011c48011c48_40344 Processing reference: TypedVariable[name=align,it=3,v=]
2026-07-07 19:18:26.139 DEBUG content 19792 _a-0000e712-ad81-8000-9ba5-011c48011c48_40344 Processing reference: TypedVariable[name=headingType,it=3,v=]
2026-07-07 19:18:26.139 DEBUG content 19792 _a-0000e712-ad81-8000-9ba5-011c48011c48_40344 Processing reference: TypedVariable[name=color,it=3,v=]
2026-07-07 19:18:26.139 DEBUG content 19792 _a-0000e712-ad81-8000-9ba5-011c48011c48_40344 Processing reference: TypedVariable[name=linkStyle,it=3,v=]
2026-07-07 19:18:26.139 DEBUG content 19792 _a-0000e712-ad81-8000-9ba5-011c48011c48_40344 Processing reference: TypedVariable[name=link,it=97,v=<null>]
2026-07-07 19:18:26.139 DEBUG content 19792 _a-0000e712-ad81-8000-9ba5-011c48011c48_40344 Processing reference: TypedVariable[name=icon,it=3,v=]
2026-07-07 19:18:26.139 DEBUG content 19792 _a-0000e712-ad81-8000-9ba5-011c48011c48_40344 Processing reference: TypedVariable[name=showHorizontalLine,it=26,v=<null>]
2026-07-07 19:18:26.139 DEBUG content 19792 _a-0000e712-ad81-8000-9ba5-011c48011c48_40344 Processing reference: TypedVariable[name=showWhen,it=26,v=<null>]
2026-07-07 19:18:26.139 DEBUG content 19792 _a-0000e712-ad81-8000-9ba5-011c48011c48_40344 Processing reference: TypedVariable[name=helpToolTip,it=3,v=]
2026-07-07 19:18:26.139 DEBUG content 19792 _a-0000e712-ad81-8000-9ba5-011c48011c48_40344 Processing reference: TypedVariable[name=instructions,it=3,v=]
2026-07-07 19:18:26.139 DEBUG content 19792 _a-0000e712-ad81-8000-9ba5-011c48011c48_40344 Processing reference: TypedVariable[name=marginAbove,it=3,v=]
2026-07-07 19:18:26.139 DEBUG content 19792 _a-0000e712-ad81-8000-9ba5-011c48011c48_40344 Processing reference: TypedVariable[name=marginBelow,it=3,v=]
2026-07-07 19:18:26.139 DEBUG content 19792 _a-0000e712-ad81-8000-9ba5-011c48011c48_40344 Processing reference: TypedVariable[name=colorIcon,it=3,v=]
2026-07-07 19:18:26.139 DEBUG content 19792 _a-0000e712-ad81-8000-9ba5-011c48011c48_40344 Processing reference: Interface.parent
2026-07-07 19:18:26.144 DEBUG content 19792 _a-0000e712-ad81-8000-9ba5-011c48011c48_40344 Processing reference: com.appiancorp.suiteapi.content.ContentRoleMap@22ca7331[
  ContentRole[name=readers,inherit=true,allowForAll=false]
  ContentRole[name=authors,inherit=true,allowForAll=false]
  ContentRole[name=administrators,inherit=true,allowForAll=false]
  ContentRole[name=denyReaders,inherit=false,allowForAll=false]
  ContentRole[name=denyAuthors,inherit=false,allowForAll=false]
  ContentRole[name=denyAdministrators,inherit=false,allowForAll=false]
  securityVector=15:SEC_PUBLIC=true,SEC_CREATOR_ADMIN=false,SEC_INH_ADMIN=true,SEC_INH_EDITOR=true,SEC_INH_VIEWER=true,SEC_ALL_ADMIN=false,SEC_ALL_EDITOR=false,SEC_ALL_VIEWER=false
]
2026-07-07 19:18:26.144 DEBUG content 19792 _a-0000e712-ad81-8000-9ba5-011c48011c48_40344 Processing reference: ContentRole[name=readers,inherit=true,allowForAll=false]
2026-07-07 19:18:26.144 DEBUG content 19792 _a-0000e712-ad81-8000-9ba5-011c48011c48_40344 Processing reference: ContentRole[name=authors,inherit=true,allowForAll=false]
2026-07-07 19:18:26.144 DEBUG content 19792 _a-0000e712-ad81-8000-9ba5-011c48011c48_40344 Processing reference: ContentRole[name=administrators,inherit=true,allowForAll=false]
2026-07-07 19:18:26.144 DEBUG content 19792 _a-0000e712-ad81-8000-9ba5-011c48011c48_40344 Processing reference: ContentRole[name=denyReaders,inherit=false,allowForAll=false]
2026-07-07 19:18:26.144 DEBUG content 19792 _a-0000e712-ad81-8000-9ba5-011c48011c48_40344 Processing reference: ContentRole[name=denyAuthors,inherit=false,allowForAll=false]
2026-07-07 19:18:26.144 DEBUG content 19792 _a-0000e712-ad81-8000-9ba5-011c48011c48_40344 Processing reference: ContentRole[name=denyAdministrators,inherit=false,allowForAll=false]
2026-07-07 19:18:26.149 DEBUG content 19792 _a-0000e712-ad81-8000-9ba5-011c48011c48_40344 Exporting binary resources.
2026-07-07 19:18:26.149 DEBUG content 19792 _a-0000e712-ad81-8000-9ba5-011c48011c48_40344 Serializing object to XML.
2026-07-07 19:18:26.151 DEBUG content 19792 _a-0000e712-ad81-8000-9ba5-011c48011c48_40344 Object transported.
2026-07-07 19:18:26.151 DEBUG content 19761 _a-0000eb26-ab8d-8000-af26-01ef9001ef90_13328 Begin transport.
2026-07-07 19:18:26.151 DEBUG content 19761 _a-0000eb26-ab8d-8000-af26-01ef9001ef90_13328 Retrieving object data.
2026-07-07 19:18:26.158 DEBUG content 19761 _a-0000eb26-ab8d-8000-af26-01ef9001ef90_13328 Setting uuids of object references.
2026-07-07 19:18:26.158 DEBUG content 19761 _a-0000eb26-ab8d-8000-af26-01ef9001ef90_13328 Processing reference: [Content:id=13814,versionId=-1,name=IEM_ICO_REC_REF_OBJECT_TYPE,type=32,subtype=0,uuid=_a-0000eb26-ab8d-8000-af26-01ef9001ef90_13328,parent=3509]
2026-07-07 19:18:26.159 DEBUG recordType 38 347dfce2-5c7f-49a3-b55a-fd7c92a61d6b Begin transport.
2026-07-07 19:18:26.159 DEBUG recordType 38 347dfce2-5c7f-49a3-b55a-fd7c92a61d6b Retrieving object data.
2026-07-07 19:18:26.176 DEBUG recordType 38 347dfce2-5c7f-49a3-b55a-fd7c92a61d6b Setting uuids of object references.
2026-07-07 19:18:26.176 DEBUG recordType 38 347dfce2-5c7f-49a3-b55a-fd7c92a61d6b Processing reference: RecordTypeDefinition.dataSrcExpr
2026-07-07 19:18:26.177 DEBUG recordType 38 347dfce2-5c7f-49a3-b55a-fd7c92a61d6b Processing reference: RecordTypeDefinition.defaultFilters
2026-07-07 19:18:26.177 DEBUG recordType 38 347dfce2-5c7f-49a3-b55a-fd7c92a61d6b Processing reference: RecordTypeDefinition.defaultFiltersExpr
2026-07-07 19:18:26.177 DEBUG recordType 38 347dfce2-5c7f-49a3-b55a-fd7c92a61d6b Processing reference: RecordTypeDefinition.defaultSortInfoAsQueryInfos
2026-07-07 19:18:26.177 DEBUG recordType 38 347dfce2-5c7f-49a3-b55a-fd7c92a61d6b Processing reference: DetailViewCfg.headerExpr
2026-07-07 19:18:26.177 DEBUG recordType 38 347dfce2-5c7f-49a3-b55a-fd7c92a61d6b Processing reference: DetailViewCfg.nameExpr
2026-07-07 19:18:26.177 DEBUG recordType 38 347dfce2-5c7f-49a3-b55a-fd7c92a61d6b Processing reference: DetailViewCfg.uiExpr
2026-07-07 19:18:26.177 DEBUG recordType 38 347dfce2-5c7f-49a3-b55a-fd7c92a61d6b Processing reference: DetailViewCfg.visibilityExpr
2026-07-07 19:18:26.177 DEBUG recordType 38 347dfce2-5c7f-49a3-b55a-fd7c92a61d6b Processing reference: RecordTypeDefinition.facetsListExpr
2026-07-07 19:18:26.177 DEBUG recordType 38 347dfce2-5c7f-49a3-b55a-fd7c92a61d6b Processing reference: RecordTypeDefinition.listViewSrcExpr
2026-07-07 19:18:26.177 DEBUG recordType 38 347dfce2-5c7f-49a3-b55a-fd7c92a61d6b Processing reference: RecordTypeDefinition.listViewTemplateExpr
2026-07-07 19:18:26.182 DEBUG recordType 38 347dfce2-5c7f-49a3-b55a-fd7c92a61d6b Processing reference: com.appiancorp.record.entities.RecordSourceCfg@f36f0e24
2026-07-07 19:18:26.185 DEBUG recordType 38 347dfce2-5c7f-49a3-b55a-fd7c92a61d6b Processing reference: RecordSourceFieldCfg.customFieldExpr
2026-07-07 19:18:26.185 DEBUG recordType 38 347dfce2-5c7f-49a3-b55a-fd7c92a61d6b Processing reference: RecordSourceFieldCfg.recordFieldSecurityMembershipFilter
2026-07-07 19:18:26.185 DEBUG recordType 38 347dfce2-5c7f-49a3-b55a-fd7c92a61d6b Processing reference: RecordSourceFieldCfg.customFieldExpr
2026-07-07 19:18:26.185 DEBUG recordType 38 347dfce2-5c7f-49a3-b55a-fd7c92a61d6b Processing reference: RecordSourceFieldCfg.recordFieldSecurityMembershipFilter
2026-07-07 19:18:26.185 DEBUG recordType 38 347dfce2-5c7f-49a3-b55a-fd7c92a61d6b Processing reference: RecordSourceFieldCfg.customFieldExpr
2026-07-07 19:18:26.185 DEBUG recordType 38 347dfce2-5c7f-49a3-b55a-fd7c92a61d6b Processing reference: RecordSourceFieldCfg.recordFieldSecurityMembershipFilter
2026-07-07 19:18:26.185 DEBUG recordType 38 347dfce2-5c7f-49a3-b55a-fd7c92a61d6b Processing reference: RecordSourceFieldCfg.customFieldExpr
2026-07-07 19:18:26.185 DEBUG recordType 38 347dfce2-5c7f-49a3-b55a-fd7c92a61d6b Processing reference: RecordSourceFieldCfg.recordFieldSecurityMembershipFilter
2026-07-07 19:18:26.185 DEBUG recordType 38 347dfce2-5c7f-49a3-b55a-fd7c92a61d6b Processing reference: RecordSourceFieldCfg.customFieldExpr
2026-07-07 19:18:26.185 DEBUG recordType 38 347dfce2-5c7f-49a3-b55a-fd7c92a61d6b Processing reference: RecordSourceFieldCfg.recordFieldSecurityMembershipFilter
2026-07-07 19:18:26.185 DEBUG recordType 38 347dfce2-5c7f-49a3-b55a-fd7c92a61d6b Processing reference: RecordSourceFieldCfg.customFieldExpr
2026-07-07 19:18:26.185 DEBUG recordType 38 347dfce2-5c7f-49a3-b55a-fd7c92a61d6b Processing reference: RecordSourceFieldCfg.recordFieldSecurityMembershipFilter
2026-07-07 19:18:26.185 DEBUG recordType 38 347dfce2-5c7f-49a3-b55a-fd7c92a61d6b Processing reference: RecordSourceFieldCfg.customFieldExpr
2026-07-07 19:18:26.185 DEBUG recordType 38 347dfce2-5c7f-49a3-b55a-fd7c92a61d6b Processing reference: RecordSourceFieldCfg.recordFieldSecurityMembershipFilter
2026-07-07 19:18:26.185 DEBUG recordType 38 347dfce2-5c7f-49a3-b55a-fd7c92a61d6b Processing reference: RecordSourceFieldCfg.customFieldExpr
2026-07-07 19:18:26.185 DEBUG recordType 38 347dfce2-5c7f-49a3-b55a-fd7c92a61d6b Processing reference: RecordSourceFieldCfg.recordFieldSecurityMembershipFilter
2026-07-07 19:18:26.185 DEBUG recordType 38 347dfce2-5c7f-49a3-b55a-fd7c92a61d6b Processing reference: RecordSourceFieldCfg.customFieldExpr
2026-07-07 19:18:26.185 DEBUG recordType 38 347dfce2-5c7f-49a3-b55a-fd7c92a61d6b Processing reference: RecordSourceFieldCfg.recordFieldSecurityMembershipFilter
2026-07-07 19:18:26.185 DEBUG recordType 38 347dfce2-5c7f-49a3-b55a-fd7c92a61d6b Processing reference: RecordSourceFieldCfg.customFieldExpr
2026-07-07 19:18:26.185 DEBUG recordType 38 347dfce2-5c7f-49a3-b55a-fd7c92a61d6b Processing reference: RecordSourceFieldCfg.recordFieldSecurityMembershipFilter
2026-07-07 19:18:26.185 DEBUG recordType 38 347dfce2-5c7f-49a3-b55a-fd7c92a61d6b Processing reference: RecordSourceCfg.sourceContextExpr
2026-07-07 19:18:26.185 DEBUG recordType 38 347dfce2-5c7f-49a3-b55a-fd7c92a61d6b Processing reference: RecordSourceCfg.sourceFilterExpr
2026-07-07 19:18:26.185 DEBUG recordType 38 347dfce2-5c7f-49a3-b55a-fd7c92a61d6b Processing reference: RecordRelationshipCfg.relationshipData
2026-07-07 19:18:26.185 DEBUG recordType 38 347dfce2-5c7f-49a3-b55a-fd7c92a61d6b Processing reference: RecordRelationshipCfg.sourceRecordTypeFieldUuid
2026-07-07 19:18:26.185 DEBUG recordType 38 347dfce2-5c7f-49a3-b55a-fd7c92a61d6b Processing reference: RecordRelationshipCfg.targetJoinFieldStoredForm
2026-07-07 19:18:26.185 DEBUG recordType 38 347dfce2-5c7f-49a3-b55a-fd7c92a61d6b Processing reference: RecordRelationshipCfg.targetRecordTypeRef
2026-07-07 19:18:26.186 DEBUG recordType 41 765820b0-4dde-40e3-9604-06a6096aa4ce Begin transport.
2026-07-07 19:18:26.186 DEBUG recordType 41 765820b0-4dde-40e3-9604-06a6096aa4ce Retrieving object data.
2026-07-07 19:18:26.203 DEBUG recordType 41 765820b0-4dde-40e3-9604-06a6096aa4ce Setting uuids of object references.
2026-07-07 19:18:26.203 DEBUG recordType 41 765820b0-4dde-40e3-9604-06a6096aa4ce Processing reference: RecordTypeDefinition.dataSrcExpr
2026-07-07 19:18:26.203 DEBUG recordType 41 765820b0-4dde-40e3-9604-06a6096aa4ce Processing reference: RecordTypeDefinition.defaultFilters
2026-07-07 19:18:26.203 DEBUG recordType 41 765820b0-4dde-40e3-9604-06a6096aa4ce Processing reference: RecordTypeDefinition.defaultFiltersExpr
2026-07-07 19:18:26.203 DEBUG recordType 41 765820b0-4dde-40e3-9604-06a6096aa4ce Processing reference: RecordTypeDefinition.defaultSortInfoAsQueryInfos
2026-07-07 19:18:26.203 DEBUG recordType 41 765820b0-4dde-40e3-9604-06a6096aa4ce Processing reference: DetailViewCfg.headerExpr
2026-07-07 19:18:26.203 DEBUG recordType 41 765820b0-4dde-40e3-9604-06a6096aa4ce Processing reference: DetailViewCfg.nameExpr
2026-07-07 19:18:26.204 DEBUG recordType 41 765820b0-4dde-40e3-9604-06a6096aa4ce Processing reference: DetailViewCfg.uiExpr
2026-07-07 19:18:26.204 DEBUG recordType 41 765820b0-4dde-40e3-9604-06a6096aa4ce Processing reference: DetailViewCfg.visibilityExpr
2026-07-07 19:18:26.204 DEBUG recordType 41 765820b0-4dde-40e3-9604-06a6096aa4ce Processing reference: RecordTypeDefinition.facetsListExpr
2026-07-07 19:18:26.204 DEBUG recordType 41 765820b0-4dde-40e3-9604-06a6096aa4ce Processing reference: FieldCfg.defaultOptionExpr
2026-07-07 19:18:26.204 DEBUG recordType 41 765820b0-4dde-40e3-9604-06a6096aa4ce Processing reference: FieldCfg.facetLabelExpr
2026-07-07 19:18:26.204 DEBUG recordType 41 765820b0-4dde-40e3-9604-06a6096aa4ce Processing reference: FieldCfg.relatedRecordFieldUuid
2026-07-07 19:18:26.204 DEBUG recordType 38 347dfce2-5c7f-49a3-b55a-fd7c92a61d6b Begin transport.
2026-07-07 19:18:26.204 DEBUG recordType 38 347dfce2-5c7f-49a3-b55a-fd7c92a61d6b Loop detected: [recordType:38, recordType:41]
2026-07-07 19:18:26.204 DEBUG recordType 38 Breaking loop [recordType:38, recordType:41]. recordType:41 will be transported with its reference to 38 nulled out and will require a second pass.
2026-07-07 19:18:26.204 DEBUG recordType 41 765820b0-4dde-40e3-9604-06a6096aa4ce Processing reference: FieldCfg.sourceRef
2026-07-07 19:18:26.205 DEBUG recordType 38 347dfce2-5c7f-49a3-b55a-fd7c92a61d6b Begin transport.
2026-07-07 19:18:26.205 DEBUG recordType 38 347dfce2-5c7f-49a3-b55a-fd7c92a61d6b Loop detected: [recordType:38, recordType:41]
2026-07-07 19:18:26.205 DEBUG recordType 38 Breaking loop [recordType:38, recordType:41]. recordType:41 will be transported with its reference to 38 nulled out and will require a second pass.
2026-07-07 19:18:26.205 DEBUG recordType 41 765820b0-4dde-40e3-9604-06a6096aa4ce Processing reference: FieldCfg.visibilityExpr
2026-07-07 19:18:26.205 DEBUG recordType 41 765820b0-4dde-40e3-9604-06a6096aa4ce Processing reference: RecordTypeDefinition.listViewSrcExpr
2026-07-07 19:18:26.205 DEBUG recordType 41 765820b0-4dde-40e3-9604-06a6096aa4ce Processing reference: RecordTypeDefinition.listViewTemplateExpr
2026-07-07 19:18:26.211 DEBUG recordType 41 765820b0-4dde-40e3-9604-06a6096aa4ce Processing reference: com.appiancorp.record.entities.RecordSourceCfg@6f4f7604
2026-07-07 19:18:26.214 DEBUG recordType 41 765820b0-4dde-40e3-9604-06a6096aa4ce Processing reference: RecordSourceFieldCfg.customFieldExpr
2026-07-07 19:18:26.214 DEBUG recordType 41 765820b0-4dde-40e3-9604-06a6096aa4ce Processing reference: RecordSourceFieldCfg.recordFieldSecurityMembershipFilter
2026-07-07 19:18:26.214 DEBUG recordType 41 765820b0-4dde-40e3-9604-06a6096aa4ce Processing reference: RecordSourceFieldCfg.customFieldExpr
2026-07-07 19:18:26.214 DEBUG recordType 41 765820b0-4dde-40e3-9604-06a6096aa4ce Processing reference: RecordSourceFieldCfg.recordFieldSecurityMembershipFilter
2026-07-07 19:18:26.214 DEBUG recordType 41 765820b0-4dde-40e3-9604-06a6096aa4ce Processing reference: RecordSourceFieldCfg.customFieldExpr
2026-07-07 19:18:26.214 DEBUG recordType 41 765820b0-4dde-40e3-9604-06a6096aa4ce Processing reference: RecordSourceFieldCfg.recordFieldSecurityMembershipFilter
2026-07-07 19:18:26.214 DEBUG recordType 41 765820b0-4dde-40e3-9604-06a6096aa4ce Processing reference: RecordSourceFieldCfg.customFieldExpr
2026-07-07 19:18:26.214 DEBUG recordType 41 765820b0-4dde-40e3-9604-06a6096aa4ce Processing reference: RecordSourceFieldCfg.recordFieldSecurityMembershipFilter
2026-07-07 19:18:26.214 DEBUG recordType 41 765820b0-4dde-40e3-9604-06a6096aa4ce Processing reference: RecordSourceFieldCfg.customFieldExpr
2026-07-07 19:18:26.214 DEBUG recordType 41 765820b0-4dde-40e3-9604-06a6096aa4ce Processing reference: RecordSourceFieldCfg.recordFieldSecurityMembershipFilter
2026-07-07 19:18:26.214 DEBUG recordType 41 765820b0-4dde-40e3-9604-06a6096aa4ce Processing reference: RecordSourceFieldCfg.customFieldExpr
2026-07-07 19:18:26.214 DEBUG recordType 41 765820b0-4dde-40e3-9604-06a6096aa4ce Processing reference: RecordSourceFieldCfg.recordFieldSecurityMembershipFilter
2026-07-07 19:18:26.214 DEBUG recordType 41 765820b0-4dde-40e3-9604-06a6096aa4ce Processing reference: RecordSourceFieldCfg.customFieldExpr
2026-07-07 19:18:26.214 DEBUG recordType 41 765820b0-4dde-40e3-9604-06a6096aa4ce Processing reference: RecordSourceFieldCfg.recordFieldSecurityMembershipFilter
2026-07-07 19:18:26.214 DEBUG recordType 41 765820b0-4dde-40e3-9604-06a6096aa4ce Processing reference: RecordSourceFieldCfg.customFieldExpr
2026-07-07 19:18:26.214 DEBUG recordType 41 765820b0-4dde-40e3-9604-06a6096aa4ce Processing reference: RecordSourceFieldCfg.recordFieldSecurityMembershipFilter
2026-07-07 19:18:26.214 DEBUG recordType 41 765820b0-4dde-40e3-9604-06a6096aa4ce Processing reference: RecordSourceFieldCfg.customFieldExpr
2026-07-07 19:18:26.214 DEBUG recordType 41 765820b0-4dde-40e3-9604-06a6096aa4ce Processing reference: RecordSourceFieldCfg.recordFieldSecurityMembershipFilter
2026-07-07 19:18:26.214 DEBUG recordType 41 765820b0-4dde-40e3-9604-06a6096aa4ce Processing reference: RecordSourceFieldCfg.customFieldExpr
2026-07-07 19:18:26.214 DEBUG recordType 41 765820b0-4dde-40e3-9604-06a6096aa4ce Processing reference: RecordSourceFieldCfg.recordFieldSecurityMembershipFilter
2026-07-07 19:18:26.214 DEBUG recordType 41 765820b0-4dde-40e3-9604-06a6096aa4ce Processing reference: RecordSourceCfg.sourceContextExpr
2026-07-07 19:18:26.214 DEBUG recordType 41 765820b0-4dde-40e3-9604-06a6096aa4ce Processing reference: RecordSourceCfg.sourceFilterExpr
2026-07-07 19:18:26.214 DEBUG recordType 41 765820b0-4dde-40e3-9604-06a6096aa4ce Processing reference: RecordRelationshipCfg.relationshipData
2026-07-07 19:18:26.214 DEBUG recordType 41 765820b0-4dde-40e3-9604-06a6096aa4ce Processing reference: RecordRelationshipCfg.sourceRecordTypeFieldUuid
2026-07-07 19:18:26.214 DEBUG recordType 41 765820b0-4dde-40e3-9604-06a6096aa4ce Processing reference: RecordRelationshipCfg.targetJoinFieldStoredForm
2026-07-07 19:18:26.214 DEBUG recordType 41 765820b0-4dde-40e3-9604-06a6096aa4ce Processing reference: RecordRelationshipCfg.targetRecordTypeRef
2026-07-07 19:18:26.215 DEBUG recordType 38 347dfce2-5c7f-49a3-b55a-fd7c92a61d6b Begin transport.
2026-07-07 19:18:26.215 DEBUG recordType 38 347dfce2-5c7f-49a3-b55a-fd7c92a61d6b Loop detected: [recordType:38, recordType:41]
2026-07-07 19:18:26.215 DEBUG recordType 38 Breaking loop [recordType:38, recordType:41]. recordType:41 will be transported with its reference to 38 nulled out and will require a second pass.
2026-07-07 19:18:26.215 DEBUG recordType 41 765820b0-4dde-40e3-9604-06a6096aa4ce Processing reference: RecordTypeSearchCfg.placeholder
2026-07-07 19:18:26.215 DEBUG recordType 41 765820b0-4dde-40e3-9604-06a6096aa4ce Processing reference: RecordTypeSearchCfg.searchFieldQueryInfos
2026-07-07 19:18:26.215 DEBUG recordType 41 765820b0-4dde-40e3-9604-06a6096aa4ce Processing reference: RecordTypeDefinition.recordViewSrcExpr
2026-07-07 19:18:26.215 DEBUG recordType 41 765820b0-4dde-40e3-9604-06a6096aa4ce Processing reference: RecordTypeDefinition.source
2026-07-07 19:18:26.215 DEBUG recordType 41 765820b0-4dde-40e3-9604-06a6096aa4ce Processing reference: RecordTypeDefinition.titleExpr
2026-07-07 19:18:26.215 DEBUG recordType 41 765820b0-4dde-40e3-9604-06a6096aa4ce Processing reference: Role[name=record_type_administrator,groupIds=[316]]
2026-07-07 19:18:26.216 DEBUG recordType 41 765820b0-4dde-40e3-9604-06a6096aa4ce Processing reference: Role[name=record_type_viewer,groupIds=[317]]
2026-07-07 19:18:26.216 DEBUG recordType 41 765820b0-4dde-40e3-9604-06a6096aa4ce Object transported with these references nulled out: [recordType:38]
2026-07-07 19:18:26.216 DEBUG recordType 38 347dfce2-5c7f-49a3-b55a-fd7c92a61d6b Processing reference: RecordTypeSearchCfg.placeholder
2026-07-07 19:18:26.216 DEBUG recordType 38 347dfce2-5c7f-49a3-b55a-fd7c92a61d6b Processing reference: RecordTypeSearchCfg.searchFieldQueryInfos
2026-07-07 19:18:26.216 DEBUG recordType 38 347dfce2-5c7f-49a3-b55a-fd7c92a61d6b Processing reference: RecordTypeDefinition.recordViewSrcExpr
2026-07-07 19:18:26.216 DEBUG recordType 38 347dfce2-5c7f-49a3-b55a-fd7c92a61d6b Processing reference: RecordTypeDefinition.source
2026-07-07 19:18:26.216 DEBUG recordType 38 347dfce2-5c7f-49a3-b55a-fd7c92a61d6b Processing reference: RecordTypeDefinition.titleExpr
2026-07-07 19:18:26.216 DEBUG recordType 38 347dfce2-5c7f-49a3-b55a-fd7c92a61d6b Processing reference: Role[name=record_type_administrator,groupIds=[316]]
2026-07-07 19:18:26.217 DEBUG recordType 38 347dfce2-5c7f-49a3-b55a-fd7c92a61d6b Processing reference: Role[name=record_type_viewer,groupIds=[317]]
2026-07-07 19:18:26.217 DEBUG recordType 38 347dfce2-5c7f-49a3-b55a-fd7c92a61d6b Exporting binary resources.
2026-07-07 19:18:26.217 DEBUG recordType 38 347dfce2-5c7f-49a3-b55a-fd7c92a61d6b Serializing object to XML.
2026-07-07 19:18:26.219 DEBUG recordType 38 347dfce2-5c7f-49a3-b55a-fd7c92a61d6b Object transported.
2026-07-07 19:18:26.219 DEBUG recordType 38 347dfce2-5c7f-49a3-b55a-fd7c92a61d6b Binding pending incomplete: recordType:41
2026-07-07 19:18:26.219 DEBUG recordType 41 765820b0-4dde-40e3-9604-06a6096aa4ce Begin transport.
2026-07-07 19:18:26.219 DEBUG recordType 41 765820b0-4dde-40e3-9604-06a6096aa4ce Retrieving object data.
2026-07-07 19:18:26.235 DEBUG recordType 41 765820b0-4dde-40e3-9604-06a6096aa4ce Setting uuids of object references.
2026-07-07 19:18:26.235 DEBUG recordType 41 765820b0-4dde-40e3-9604-06a6096aa4ce Processing reference: RecordTypeDefinition.dataSrcExpr
2026-07-07 19:18:26.235 DEBUG recordType 41 765820b0-4dde-40e3-9604-06a6096aa4ce Processing reference: RecordTypeDefinition.defaultFilters
2026-07-07 19:18:26.235 DEBUG recordType 41 765820b0-4dde-40e3-9604-06a6096aa4ce Processing reference: RecordTypeDefinition.defaultFiltersExpr
2026-07-07 19:18:26.235 DEBUG recordType 41 765820b0-4dde-40e3-9604-06a6096aa4ce Processing reference: RecordTypeDefinition.defaultSortInfoAsQueryInfos
2026-07-07 19:18:26.235 DEBUG recordType 41 765820b0-4dde-40e3-9604-06a6096aa4ce Processing reference: DetailViewCfg.headerExpr
2026-07-07 19:18:26.235 DEBUG recordType 41 765820b0-4dde-40e3-9604-06a6096aa4ce Processing reference: DetailViewCfg.nameExpr
2026-07-07 19:18:26.235 DEBUG recordType 41 765820b0-4dde-40e3-9604-06a6096aa4ce Processing reference: DetailViewCfg.uiExpr
2026-07-07 19:18:26.235 DEBUG recordType 41 765820b0-4dde-40e3-9604-06a6096aa4ce Processing reference: DetailViewCfg.visibilityExpr
2026-07-07 19:18:26.235 DEBUG recordType 41 765820b0-4dde-40e3-9604-06a6096aa4ce Processing reference: RecordTypeDefinition.facetsListExpr
2026-07-07 19:18:26.235 DEBUG recordType 41 765820b0-4dde-40e3-9604-06a6096aa4ce Processing reference: FieldCfg.defaultOptionExpr
2026-07-07 19:18:26.235 DEBUG recordType 41 765820b0-4dde-40e3-9604-06a6096aa4ce Processing reference: FieldCfg.facetLabelExpr
2026-07-07 19:18:26.235 DEBUG recordType 41 765820b0-4dde-40e3-9604-06a6096aa4ce Processing reference: FieldCfg.relatedRecordFieldUuid
2026-07-07 19:18:26.235 DEBUG recordType 41 765820b0-4dde-40e3-9604-06a6096aa4ce Processing reference: FieldCfg.sourceRef
2026-07-07 19:18:26.236 DEBUG recordType 41 765820b0-4dde-40e3-9604-06a6096aa4ce Processing reference: FieldCfg.visibilityExpr
2026-07-07 19:18:26.236 DEBUG recordType 41 765820b0-4dde-40e3-9604-06a6096aa4ce Processing reference: RecordTypeDefinition.listViewSrcExpr
2026-07-07 19:18:26.236 DEBUG recordType 41 765820b0-4dde-40e3-9604-06a6096aa4ce Processing reference: RecordTypeDefinition.listViewTemplateExpr
2026-07-07 19:18:26.242 DEBUG recordType 41 765820b0-4dde-40e3-9604-06a6096aa4ce Processing reference: com.appiancorp.record.entities.RecordSourceCfg@6f4f7604
2026-07-07 19:18:26.245 DEBUG recordType 41 765820b0-4dde-40e3-9604-06a6096aa4ce Processing reference: RecordSourceFieldCfg.customFieldExpr
2026-07-07 19:18:26.245 DEBUG recordType 41 765820b0-4dde-40e3-9604-06a6096aa4ce Processing reference: RecordSourceFieldCfg.recordFieldSecurityMembershipFilter
2026-07-07 19:18:26.245 DEBUG recordType 41 765820b0-4dde-40e3-9604-06a6096aa4ce Processing reference: RecordSourceFieldCfg.customFieldExpr
2026-07-07 19:18:26.245 DEBUG recordType 41 765820b0-4dde-40e3-9604-06a6096aa4ce Processing reference: RecordSourceFieldCfg.recordFieldSecurityMembershipFilter
2026-07-07 19:18:26.245 DEBUG recordType 41 765820b0-4dde-40e3-9604-06a6096aa4ce Processing reference: RecordSourceFieldCfg.customFieldExpr
2026-07-07 19:18:26.245 DEBUG recordType 41 765820b0-4dde-40e3-9604-06a6096aa4ce Processing reference: RecordSourceFieldCfg.recordFieldSecurityMembershipFilter
2026-07-07 19:18:26.245 DEBUG recordType 41 765820b0-4dde-40e3-9604-06a6096aa4ce Processing reference: RecordSourceFieldCfg.customFieldExpr
2026-07-07 19:18:26.245 DEBUG recordType 41 765820b0-4dde-40e3-9604-06a6096aa4ce Processing reference: RecordSourceFieldCfg.recordFieldSecurityMembershipFilter
2026-07-07 19:18:26.245 DEBUG recordType 41 765820b0-4dde-40e3-9604-06a6096aa4ce Processing reference: RecordSourceFieldCfg.customFieldExpr
2026-07-07 19:18:26.245 DEBUG recordType 41 765820b0-4dde-40e3-9604-06a6096aa4ce Processing reference: RecordSourceFieldCfg.recordFieldSecurityMembershipFilter
2026-07-07 19:18:26.245 DEBUG recordType 41 765820b0-4dde-40e3-9604-06a6096aa4ce Processing reference: RecordSourceFieldCfg.customFieldExpr
2026-07-07 19:18:26.245 DEBUG recordType 41 765820b0-4dde-40e3-9604-06a6096aa4ce Processing reference: RecordSourceFieldCfg.recordFieldSecurityMembershipFilter
2026-07-07 19:18:26.245 DEBUG recordType 41 765820b0-4dde-40e3-9604-06a6096aa4ce Processing reference: RecordSourceFieldCfg.customFieldExpr
2026-07-07 19:18:26.245 DEBUG recordType 41 765820b0-4dde-40e3-9604-06a6096aa4ce Processing reference: RecordSourceFieldCfg.recordFieldSecurityMembershipFilter
2026-07-07 19:18:26.245 DEBUG recordType 41 765820b0-4dde-40e3-9604-06a6096aa4ce Processing reference: RecordSourceFieldCfg.customFieldExpr
2026-07-07 19:18:26.245 DEBUG recordType 41 765820b0-4dde-40e3-9604-06a6096aa4ce Processing reference: RecordSourceFieldCfg.recordFieldSecurityMembershipFilter
2026-07-07 19:18:26.245 DEBUG recordType 41 765820b0-4dde-40e3-9604-06a6096aa4ce Processing reference: RecordSourceFieldCfg.customFieldExpr
2026-07-07 19:18:26.245 DEBUG recordType 41 765820b0-4dde-40e3-9604-06a6096aa4ce Processing reference: RecordSourceFieldCfg.recordFieldSecurityMembershipFilter
2026-07-07 19:18:26.245 DEBUG recordType 41 765820b0-4dde-40e3-9604-06a6096aa4ce Processing reference: RecordSourceFieldCfg.customFieldExpr
2026-07-07 19:18:26.245 DEBUG recordType 41 765820b0-4dde-40e3-9604-06a6096aa4ce Processing reference: RecordSourceFieldCfg.recordFieldSecurityMembershipFilter
2026-07-07 19:18:26.245 DEBUG recordType 41 765820b0-4dde-40e3-9604-06a6096aa4ce Processing reference: RecordSourceCfg.sourceContextExpr
2026-07-07 19:18:26.245 DEBUG recordType 41 765820b0-4dde-40e3-9604-06a6096aa4ce Processing reference: RecordSourceCfg.sourceFilterExpr
2026-07-07 19:18:26.245 DEBUG recordType 41 765820b0-4dde-40e3-9604-06a6096aa4ce Processing reference: RecordRelationshipCfg.relationshipData
2026-07-07 19:18:26.245 DEBUG recordType 41 765820b0-4dde-40e3-9604-06a6096aa4ce Processing reference: RecordRelationshipCfg.sourceRecordTypeFieldUuid
2026-07-07 19:18:26.245 DEBUG recordType 41 765820b0-4dde-40e3-9604-06a6096aa4ce Processing reference: RecordRelationshipCfg.targetJoinFieldStoredForm
2026-07-07 19:18:26.245 DEBUG recordType 41 765820b0-4dde-40e3-9604-06a6096aa4ce Processing reference: RecordRelationshipCfg.targetRecordTypeRef
2026-07-07 19:18:26.246 DEBUG recordType 41 765820b0-4dde-40e3-9604-06a6096aa4ce Processing reference: RecordTypeSearchCfg.placeholder
2026-07-07 19:18:26.246 DEBUG recordType 41 765820b0-4dde-40e3-9604-06a6096aa4ce Processing reference: RecordTypeSearchCfg.searchFieldQueryInfos
2026-07-07 19:18:26.246 DEBUG recordType 41 765820b0-4dde-40e3-9604-06a6096aa4ce Processing reference: RecordTypeDefinition.recordViewSrcExpr
2026-07-07 19:18:26.246 DEBUG recordType 41 765820b0-4dde-40e3-9604-06a6096aa4ce Processing reference: RecordTypeDefinition.source
2026-07-07 19:18:26.246 DEBUG recordType 41 765820b0-4dde-40e3-9604-06a6096aa4ce Processing reference: RecordTypeDefinition.titleExpr
2026-07-07 19:18:26.246 DEBUG recordType 41 765820b0-4dde-40e3-9604-06a6096aa4ce Processing reference: Role[name=record_type_administrator,groupIds=[316]]
2026-07-07 19:18:26.246 DEBUG recordType 41 765820b0-4dde-40e3-9604-06a6096aa4ce Processing reference: Role[name=record_type_viewer,groupIds=[317]]
2026-07-07 19:18:26.247 DEBUG recordType 41 765820b0-4dde-40e3-9604-06a6096aa4ce Exporting binary resources.
2026-07-07 19:18:26.247 DEBUG recordType 41 765820b0-4dde-40e3-9604-06a6096aa4ce Serializing object to XML.
2026-07-07 19:18:26.248 DEBUG recordType 41 765820b0-4dde-40e3-9604-06a6096aa4ce Removed object from incomplete list.
2026-07-07 19:18:26.248 DEBUG recordType 41 765820b0-4dde-40e3-9604-06a6096aa4ce Object transported.
2026-07-07 19:18:26.248 DEBUG content 19761 _a-0000eb26-ab8d-8000-af26-01ef9001ef90_13328 Processing reference: Constant.forum
2026-07-07 19:18:26.248 DEBUG content 19761 _a-0000eb26-ab8d-8000-af26-01ef9001ef90_13328 Processing reference: Constant.parent
2026-07-07 19:18:26.249 DEBUG content 19761 _a-0000eb26-ab8d-8000-af26-01ef9001ef90_13328 Processing reference: com.appiancorp.suiteapi.content.ContentRoleMap@94b5e24[
  ContentRole[name=readers,inherit=true,allowForAll=false]
  ContentRole[name=authors,inherit=true,allowForAll=false]
  ContentRole[name=administrators,inherit=true,allowForAll=false]
  ContentRole[name=denyReaders,inherit=false,allowForAll=false]
  ContentRole[name=denyAuthors,inherit=false,allowForAll=false]
  ContentRole[name=denyAdministrators,inherit=false,allowForAll=false]
  securityVector=15:SEC_PUBLIC=true,SEC_CREATOR_ADMIN=false,SEC_INH_ADMIN=true,SEC_INH_EDITOR=true,SEC_INH_VIEWER=true,SEC_ALL_ADMIN=false,SEC_ALL_EDITOR=false,SEC_ALL_VIEWER=false
]
2026-07-07 19:18:26.249 DEBUG content 19761 _a-0000eb26-ab8d-8000-af26-01ef9001ef90_13328 Processing reference: ContentRole[name=readers,inherit=true,allowForAll=false]
2026-07-07 19:18:26.25 DEBUG content 19761 _a-0000eb26-ab8d-8000-af26-01ef9001ef90_13328 Processing reference: ContentRole[name=authors,inherit=true,allowForAll=false]
2026-07-07 19:18:26.25 DEBUG content 19761 _a-0000eb26-ab8d-8000-af26-01ef9001ef90_13328 Processing reference: ContentRole[name=administrators,inherit=true,allowForAll=false]
2026-07-07 19:18:26.25 DEBUG content 19761 _a-0000eb26-ab8d-8000-af26-01ef9001ef90_13328 Processing reference: ContentRole[name=denyReaders,inherit=false,allowForAll=false]
2026-07-07 19:18:26.25 DEBUG content 19761 _a-0000eb26-ab8d-8000-af26-01ef9001ef90_13328 Processing reference: ContentRole[name=denyAuthors,inherit=false,allowForAll=false]
2026-07-07 19:18:26.25 DEBUG content 19761 _a-0000eb26-ab8d-8000-af26-01ef9001ef90_13328 Processing reference: ContentRole[name=denyAdministrators,inherit=false,allowForAll=false]
2026-07-07 19:18:26.25 DEBUG content 19761 _a-0000eb26-ab8d-8000-af26-01ef9001ef90_13328 Exporting binary resources.
2026-07-07 19:18:26.25 DEBUG content 19761 _a-0000eb26-ab8d-8000-af26-01ef9001ef90_13328 Serializing object to XML.
2026-07-07 19:18:26.251 DEBUG content 19761 _a-0000eb26-ab8d-8000-af26-01ef9001ef90_13328 Object transported.
2026-07-07 19:18:26.251 DEBUG content 19793 _a-0000e777-b878-8000-9bad-011c48011c48_47417 Begin transport.
2026-07-07 19:18:26.251 DEBUG content 19793 _a-0000e777-b878-8000-9bad-011c48011c48_47417 Retrieving object data.
2026-07-07 19:18:26.256 DEBUG content 19793 _a-0000e777-b878-8000-9bad-011c48011c48_47417 Setting uuids of object references.
2026-07-07 19:18:26.256 DEBUG content 19793 _a-0000e777-b878-8000-9bad-011c48011c48_47417 Processing reference: [Content:id=4321,versionId=-1,name=IEM_ICO_LAYOUT_CardLayout,type=32,subtype=6,uuid=_a-0000e777-b878-8000-9bad-011c48011c48_47417,parent=4065]
2026-07-07 19:18:26.258 DEBUG content 19793 _a-0000e777-b878-8000-9bad-011c48011c48_47417 Processing reference: Interface.forum
2026-07-07 19:18:26.258 DEBUG content 19793 _a-0000e777-b878-8000-9bad-011c48011c48_47417 Processing reference: TypedVariable[name=label,it=3,v=]
2026-07-07 19:18:26.258 DEBUG content 19793 _a-0000e777-b878-8000-9bad-011c48011c48_47417 Processing reference: TypedVariable[name=contents,it=97,v=<null>]
2026-07-07 19:18:26.258 DEBUG content 19793 _a-0000e777-b878-8000-9bad-011c48011c48_47417 Processing reference: TypedVariable[name=style,it=3,v=]
2026-07-07 19:18:26.258 DEBUG content 19793 _a-0000e777-b878-8000-9bad-011c48011c48_47417 Processing reference: TypedVariable[name=showWhen,it=26,v=<null>]
2026-07-07 19:18:26.258 DEBUG content 19793 _a-0000e777-b878-8000-9bad-011c48011c48_47417 Processing reference: TypedVariable[name=marginBelow,it=3,v=]
2026-07-07 19:18:26.258 DEBUG content 19793 _a-0000e777-b878-8000-9bad-011c48011c48_47417 Processing reference: TypedVariable[name=padding,it=3,v=]
2026-07-07 19:18:26.258 DEBUG content 19793 _a-0000e777-b878-8000-9bad-011c48011c48_47417 Processing reference: TypedVariable[name=headingType,it=3,v=]
2026-07-07 19:18:26.258 DEBUG content 19793 _a-0000e777-b878-8000-9bad-011c48011c48_47417 Processing reference: TypedVariable[name=showBorder,it=26,v=<null>]
2026-07-07 19:18:26.258 DEBUG content 19793 _a-0000e777-b878-8000-9bad-011c48011c48_47417 Processing reference: TypedVariable[name=showShadow,it=26,v=<null>]
2026-07-07 19:18:26.258 DEBUG content 19793 _a-0000e777-b878-8000-9bad-011c48011c48_47417 Processing reference: TypedVariable[name=contentsHeader,it=97,v=<null>]
2026-07-07 19:18:26.258 DEBUG content 19793 _a-0000e777-b878-8000-9bad-011c48011c48_47417 Processing reference: TypedVariable[name=link,it=97,v=<null>]
2026-07-07 19:18:26.258 DEBUG content 19793 _a-0000e777-b878-8000-9bad-011c48011c48_47417 Processing reference: TypedVariable[name=tooltip,it=3,v=]
2026-07-07 19:18:26.258 DEBUG content 19793 _a-0000e777-b878-8000-9bad-011c48011c48_47417 Processing reference: TypedVariable[name=headerIcon,it=3,v=]
2026-07-07 19:18:26.258 DEBUG content 19793 _a-0000e777-b878-8000-9bad-011c48011c48_47417 Processing reference: TypedVariable[name=headerHelpToolTip,it=3,v=]
2026-07-07 19:18:26.258 DEBUG content 19793 _a-0000e777-b878-8000-9bad-011c48011c48_47417 Processing reference: TypedVariable[name=instructions,it=3,v=]
2026-07-07 19:18:26.258 DEBUG content 19793 _a-0000e777-b878-8000-9bad-011c48011c48_47417 Processing reference: TypedVariable[name=decorativeBarPosition,it=3,v=]
2026-07-07 19:18:26.258 DEBUG content 19793 _a-0000e777-b878-8000-9bad-011c48011c48_47417 Processing reference: TypedVariable[name=decorativeBarColor,it=3,v=]
2026-07-07 19:18:26.258 DEBUG content 19793 _a-0000e777-b878-8000-9bad-011c48011c48_47417 Processing reference: TypedVariable[name=color,it=3,v=]
2026-07-07 19:18:26.258 DEBUG content 19793 _a-0000e777-b878-8000-9bad-011c48011c48_47417 Processing reference: TypedVariable[name=headerWidths,it=103,v=<null>]
2026-07-07 19:18:26.258 DEBUG content 19793 _a-0000e777-b878-8000-9bad-011c48011c48_47417 Processing reference: TypedVariable[name=marginAbove,it=3,v=]
2026-07-07 19:18:26.258 DEBUG content 19793 _a-0000e777-b878-8000-9bad-011c48011c48_47417 Processing reference: TypedVariable[name=showHorizontalLine,it=26,v=<null>]
2026-07-07 19:18:26.258 DEBUG content 19793 _a-0000e777-b878-8000-9bad-011c48011c48_47417 Processing reference: TypedVariable[name=contentsLabel,it=97,v=<null>]
2026-07-07 19:18:26.258 DEBUG content 19793 _a-0000e777-b878-8000-9bad-011c48011c48_47417 Processing reference: TypedVariable[name=isForm,it=26,v=<null>]
2026-07-07 19:18:26.258 DEBUG content 19793 _a-0000e777-b878-8000-9bad-011c48011c48_47417 Processing reference: TypedVariable[name=stackWhen,it=103,v=<null>]
2026-07-07 19:18:26.258 DEBUG content 19793 _a-0000e777-b878-8000-9bad-011c48011c48_47417 Processing reference: TypedVariable[name=borderColor,it=3,v=]
2026-07-07 19:18:26.258 DEBUG content 19793 _a-0000e777-b878-8000-9bad-011c48011c48_47417 Processing reference: TypedVariable[name=colorIcon,it=3,v=]
2026-07-07 19:18:26.258 DEBUG content 19793 _a-0000e777-b878-8000-9bad-011c48011c48_47417 Processing reference: Interface.parent
2026-07-07 19:18:26.259 DEBUG content 19793 _a-0000e777-b878-8000-9bad-011c48011c48_47417 Processing reference: com.appiancorp.suiteapi.content.ContentRoleMap@705dd82[
  ContentRole[name=readers,inherit=true,allowForAll=false]
  ContentRole[name=authors,inherit=true,allowForAll=false]
  ContentRole[name=administrators,inherit=true,allowForAll=false]
  ContentRole[name=denyReaders,inherit=false,allowForAll=false]
  ContentRole[name=denyAuthors,inherit=false,allowForAll=false]
  ContentRole[name=denyAdministrators,inherit=false,allowForAll=false]
  securityVector=15:SEC_PUBLIC=true,SEC_CREATOR_ADMIN=false,SEC_INH_ADMIN=true,SEC_INH_EDITOR=true,SEC_INH_VIEWER=true,SEC_ALL_ADMIN=false,SEC_ALL_EDITOR=false,SEC_ALL_VIEWER=false
]
2026-07-07 19:18:26.259 DEBUG content 19793 _a-0000e777-b878-8000-9bad-011c48011c48_47417 Processing reference: ContentRole[name=readers,inherit=true,allowForAll=false]
2026-07-07 19:18:26.259 DEBUG content 19793 _a-0000e777-b878-8000-9bad-011c48011c48_47417 Processing reference: ContentRole[name=authors,inherit=true,allowForAll=false]
2026-07-07 19:18:26.259 DEBUG content 19793 _a-0000e777-b878-8000-9bad-011c48011c48_47417 Processing reference: ContentRole[name=administrators,inherit=true,allowForAll=false]
2026-07-07 19:18:26.259 DEBUG content 19793 _a-0000e777-b878-8000-9bad-011c48011c48_47417 Processing reference: ContentRole[name=denyReaders,inherit=false,allowForAll=false]
2026-07-07 19:18:26.259 DEBUG content 19793 _a-0000e777-b878-8000-9bad-011c48011c48_47417 Processing reference: ContentRole[name=denyAuthors,inherit=false,allowForAll=false]
2026-07-07 19:18:26.259 DEBUG content 19793 _a-0000e777-b878-8000-9bad-011c48011c48_47417 Processing reference: ContentRole[name=denyAdministrators,inherit=false,allowForAll=false]
2026-07-07 19:18:26.261 DEBUG content 19793 _a-0000e777-b878-8000-9bad-011c48011c48_47417 Exporting binary resources.
2026-07-07 19:18:26.261 DEBUG content 19793 _a-0000e777-b878-8000-9bad-011c48011c48_47417 Serializing object to XML.
2026-07-07 19:18:26.264 DEBUG content 19793 _a-0000e777-b878-8000-9bad-011c48011c48_47417 Object transported.
2026-07-07 19:18:26.264 DEBUG content 19762 _a-0000ec82-dfa0-8000-cdfc-01ef9001ef90_210155 Begin transport.
2026-07-07 19:18:26.264 DEBUG content 19762 _a-0000ec82-dfa0-8000-cdfc-01ef9001ef90_210155 Retrieving object data.
2026-07-07 19:18:26.267 DEBUG content 19762 _a-0000ec82-dfa0-8000-cdfc-01ef9001ef90_210155 Setting uuids of object references.
2026-07-07 19:18:26.267 DEBUG content 19762 _a-0000ec82-dfa0-8000-cdfc-01ef9001ef90_210155 Processing reference: [Content:id=14605,versionId=-1,name=IEM_ICO_REC_PROCESS,type=32,subtype=0,uuid=_a-0000ec82-dfa0-8000-cdfc-01ef9001ef90_210155,parent=3509]
2026-07-07 19:18:26.267 DEBUG recordType 58 3db1c15c-c8b5-437a-84b9-f7f87f0eb44b Begin transport.
2026-07-07 19:18:26.267 DEBUG recordType 58 3db1c15c-c8b5-437a-84b9-f7f87f0eb44b Retrieving object data.
2026-07-07 19:18:26.282 DEBUG recordType 58 3db1c15c-c8b5-437a-84b9-f7f87f0eb44b Setting uuids of object references.
2026-07-07 19:18:26.282 DEBUG recordType 58 3db1c15c-c8b5-437a-84b9-f7f87f0eb44b Processing reference: RecordTypeDefinition.dataSrcExpr
2026-07-07 19:18:26.282 DEBUG recordType 58 3db1c15c-c8b5-437a-84b9-f7f87f0eb44b Processing reference: RecordTypeDefinition.defaultFilters
2026-07-07 19:18:26.282 DEBUG recordType 58 3db1c15c-c8b5-437a-84b9-f7f87f0eb44b Processing reference: RecordTypeDefinition.defaultFiltersExpr
2026-07-07 19:18:26.282 DEBUG recordType 58 3db1c15c-c8b5-437a-84b9-f7f87f0eb44b Processing reference: RecordTypeDefinition.defaultSortInfoAsQueryInfos
2026-07-07 19:18:26.282 DEBUG recordType 58 3db1c15c-c8b5-437a-84b9-f7f87f0eb44b Processing reference: DetailViewCfg.headerExpr
2026-07-07 19:18:26.282 DEBUG recordType 58 3db1c15c-c8b5-437a-84b9-f7f87f0eb44b Processing reference: DetailViewCfg.nameExpr
2026-07-07 19:18:26.282 DEBUG recordType 58 3db1c15c-c8b5-437a-84b9-f7f87f0eb44b Processing reference: DetailViewCfg.uiExpr
2026-07-07 19:18:26.282 DEBUG recordType 58 3db1c15c-c8b5-437a-84b9-f7f87f0eb44b Processing reference: DetailViewCfg.visibilityExpr
2026-07-07 19:18:26.282 DEBUG recordType 58 3db1c15c-c8b5-437a-84b9-f7f87f0eb44b Processing reference: RecordTypeDefinition.facetsListExpr
2026-07-07 19:18:26.282 DEBUG recordType 58 3db1c15c-c8b5-437a-84b9-f7f87f0eb44b Processing reference: RecordTypeDefinition.listViewSrcExpr
2026-07-07 19:18:26.282 DEBUG recordType 58 3db1c15c-c8b5-437a-84b9-f7f87f0eb44b Processing reference: RecordTypeDefinition.listViewTemplateExpr
2026-07-07 19:18:26.287 DEBUG recordType 58 3db1c15c-c8b5-437a-84b9-f7f87f0eb44b Processing reference: com.appiancorp.record.entities.RecordSourceCfg@eb9ee4ae
2026-07-07 19:18:26.289 DEBUG recordType 58 3db1c15c-c8b5-437a-84b9-f7f87f0eb44b Processing reference: RecordSourceFieldCfg.customFieldExpr
2026-07-07 19:18:26.289 DEBUG recordType 58 3db1c15c-c8b5-437a-84b9-f7f87f0eb44b Processing reference: RecordSourceFieldCfg.recordFieldSecurityMembershipFilter
2026-07-07 19:18:26.289 DEBUG recordType 58 3db1c15c-c8b5-437a-84b9-f7f87f0eb44b Processing reference: RecordSourceFieldCfg.customFieldExpr
2026-07-07 19:18:26.289 DEBUG recordType 58 3db1c15c-c8b5-437a-84b9-f7f87f0eb44b Processing reference: RecordSourceFieldCfg.recordFieldSecurityMembershipFilter
2026-07-07 19:18:26.289 DEBUG recordType 58 3db1c15c-c8b5-437a-84b9-f7f87f0eb44b Processing reference: RecordSourceFieldCfg.customFieldExpr
2026-07-07 19:18:26.289 DEBUG recordType 58 3db1c15c-c8b5-437a-84b9-f7f87f0eb44b Processing reference: RecordSourceFieldCfg.recordFieldSecurityMembershipFilter
2026-07-07 19:18:26.289 DEBUG recordType 58 3db1c15c-c8b5-437a-84b9-f7f87f0eb44b Processing reference: RecordSourceFieldCfg.customFieldExpr
2026-07-07 19:18:26.289 DEBUG recordType 58 3db1c15c-c8b5-437a-84b9-f7f87f0eb44b Processing reference: RecordSourceFieldCfg.recordFieldSecurityMembershipFilter
2026-07-07 19:18:26.289 DEBUG recordType 58 3db1c15c-c8b5-437a-84b9-f7f87f0eb44b Processing reference: RecordSourceFieldCfg.customFieldExpr
2026-07-07 19:18:26.289 DEBUG recordType 58 3db1c15c-c8b5-437a-84b9-f7f87f0eb44b Processing reference: RecordSourceFieldCfg.recordFieldSecurityMembershipFilter
2026-07-07 19:18:26.289 DEBUG recordType 58 3db1c15c-c8b5-437a-84b9-f7f87f0eb44b Processing reference: RecordSourceCfg.sourceContextExpr
2026-07-07 19:18:26.289 DEBUG recordType 58 3db1c15c-c8b5-437a-84b9-f7f87f0eb44b Processing reference: RecordSourceCfg.sourceFilterExpr
2026-07-07 19:18:26.29 DEBUG recordType 58 3db1c15c-c8b5-437a-84b9-f7f87f0eb44b Processing reference: RecordTypeSearchCfg.placeholder
2026-07-07 19:18:26.29 DEBUG recordType 58 3db1c15c-c8b5-437a-84b9-f7f87f0eb44b Processing reference: RecordTypeSearchCfg.searchFieldQueryInfos
2026-07-07 19:18:26.29 DEBUG recordType 58 3db1c15c-c8b5-437a-84b9-f7f87f0eb44b Processing reference: RecordTypeDefinition.recordViewSrcExpr
2026-07-07 19:18:26.29 DEBUG recordType 58 3db1c15c-c8b5-437a-84b9-f7f87f0eb44b Processing reference: RecordTypeDefinition.source
2026-07-07 19:18:26.29 DEBUG recordType 58 3db1c15c-c8b5-437a-84b9-f7f87f0eb44b Processing reference: RecordTypeDefinition.titleExpr
2026-07-07 19:18:26.29 DEBUG recordType 58 3db1c15c-c8b5-437a-84b9-f7f87f0eb44b Processing reference: Role[name=record_type_administrator,groupIds=[316]]
2026-07-07 19:18:26.29 DEBUG recordType 58 3db1c15c-c8b5-437a-84b9-f7f87f0eb44b Processing reference: Role[name=record_type_viewer,groupIds=[317]]
2026-07-07 19:18:26.291 DEBUG recordType 58 3db1c15c-c8b5-437a-84b9-f7f87f0eb44b Exporting binary resources.
2026-07-07 19:18:26.291 DEBUG recordType 58 3db1c15c-c8b5-437a-84b9-f7f87f0eb44b Serializing object to XML.
2026-07-07 19:18:26.292 DEBUG recordType 58 3db1c15c-c8b5-437a-84b9-f7f87f0eb44b Object transported.
2026-07-07 19:18:26.292 DEBUG content 19762 _a-0000ec82-dfa0-8000-cdfc-01ef9001ef90_210155 Processing reference: Constant.forum
2026-07-07 19:18:26.292 DEBUG content 19762 _a-0000ec82-dfa0-8000-cdfc-01ef9001ef90_210155 Processing reference: Constant.parent
2026-07-07 19:18:26.293 DEBUG content 19762 _a-0000ec82-dfa0-8000-cdfc-01ef9001ef90_210155 Processing reference: com.appiancorp.suiteapi.content.ContentRoleMap@29c944a9[
  ContentRole[name=readers,inherit=true,allowForAll=false]
  ContentRole[name=authors,inherit=true,allowForAll=false]
  ContentRole[name=administrators,inherit=true,allowForAll=false]
  ContentRole[name=denyReaders,inherit=false,allowForAll=false]
  ContentRole[name=denyAuthors,inherit=false,allowForAll=false]
  ContentRole[name=denyAdministrators,inherit=false,allowForAll=false]
  securityVector=15:SEC_PUBLIC=true,SEC_CREATOR_ADMIN=false,SEC_INH_ADMIN=true,SEC_INH_EDITOR=true,SEC_INH_VIEWER=true,SEC_ALL_ADMIN=false,SEC_ALL_EDITOR=false,SEC_ALL_VIEWER=false
]
2026-07-07 19:18:26.293 DEBUG content 19762 _a-0000ec82-dfa0-8000-cdfc-01ef9001ef90_210155 Processing reference: ContentRole[name=readers,inherit=true,allowForAll=false]
2026-07-07 19:18:26.293 DEBUG content 19762 _a-0000ec82-dfa0-8000-cdfc-01ef9001ef90_210155 Processing reference: ContentRole[name=authors,inherit=true,allowForAll=false]
2026-07-07 19:18:26.293 DEBUG content 19762 _a-0000ec82-dfa0-8000-cdfc-01ef9001ef90_210155 Processing reference: ContentRole[name=administrators,inherit=true,allowForAll=false]
2026-07-07 19:18:26.293 DEBUG content 19762 _a-0000ec82-dfa0-8000-cdfc-01ef9001ef90_210155 Processing reference: ContentRole[name=denyReaders,inherit=false,allowForAll=false]
2026-07-07 19:18:26.293 DEBUG content 19762 _a-0000ec82-dfa0-8000-cdfc-01ef9001ef90_210155 Processing reference: ContentRole[name=denyAuthors,inherit=false,allowForAll=false]
2026-07-07 19:18:26.293 DEBUG content 19762 _a-0000ec82-dfa0-8000-cdfc-01ef9001ef90_210155 Processing reference: ContentRole[name=denyAdministrators,inherit=false,allowForAll=false]
2026-07-07 19:18:26.293 DEBUG content 19762 _a-0000ec82-dfa0-8000-cdfc-01ef9001ef90_210155 Exporting binary resources.
2026-07-07 19:18:26.293 DEBUG content 19762 _a-0000ec82-dfa0-8000-cdfc-01ef9001ef90_210155 Serializing object to XML.
2026-07-07 19:18:26.294 DEBUG content 19762 _a-0000ec82-dfa0-8000-cdfc-01ef9001ef90_210155 Object transported.
2026-07-07 19:18:26.294 DEBUG content 20563 _a-0000eaea-80ef-8000-3ca2-01ef9001ef90_106619 Begin transport.
2026-07-07 19:18:26.294 DEBUG content 20563 _a-0000eaea-80ef-8000-3ca2-01ef9001ef90_106619 Retrieving object data.
2026-07-07 19:18:26.298 DEBUG content 20563 _a-0000eaea-80ef-8000-3ca2-01ef9001ef90_106619 Setting uuids of object references.
2026-07-07 19:18:26.298 DEBUG content 20563 _a-0000eaea-80ef-8000-3ca2-01ef9001ef90_106619 Processing reference: [Content:id=11880,versionId=-1,name=IEM_ICO_CMPT_DateTimeField,type=32,subtype=6,uuid=_a-0000eaea-80ef-8000-3ca2-01ef9001ef90_106619,parent=4065]
2026-07-07 19:18:26.302 DEBUG content 20563 _a-0000eaea-80ef-8000-3ca2-01ef9001ef90_106619 Processing reference: Interface.forum
2026-07-07 19:18:26.302 DEBUG content 20563 _a-0000eaea-80ef-8000-3ca2-01ef9001ef90_106619 Processing reference: TypedVariable[name=label,it=3,v=]
2026-07-07 19:18:26.302 DEBUG content 20563 _a-0000eaea-80ef-8000-3ca2-01ef9001ef90_106619 Processing reference: TypedVariable[name=showWhen,it=26,v=<null>]
2026-07-07 19:18:26.302 DEBUG content 20563 _a-0000eaea-80ef-8000-3ca2-01ef9001ef90_106619 Processing reference: TypedVariable[name=isReadOnly,it=26,v=<null>]
2026-07-07 19:18:26.302 DEBUG content 20563 _a-0000eaea-80ef-8000-3ca2-01ef9001ef90_106619 Processing reference: TypedVariable[name=instructions,it=3,v=]
2026-07-07 19:18:26.302 DEBUG content 20563 _a-0000eaea-80ef-8000-3ca2-01ef9001ef90_106619 Processing reference: TypedVariable[name=required,it=26,v=<null>]
2026-07-07 19:18:26.302 DEBUG content 20563 _a-0000eaea-80ef-8000-3ca2-01ef9001ef90_106619 Processing reference: TypedVariable[name=disabled,it=26,v=<null>]
2026-07-07 19:18:26.302 DEBUG content 20563 _a-0000eaea-80ef-8000-3ca2-01ef9001ef90_106619 Processing reference: TypedVariable[name=value,it=9,v=<null>]
2026-07-07 19:18:26.302 DEBUG content 20563 _a-0000eaea-80ef-8000-3ca2-01ef9001ef90_106619 Processing reference: TypedVariable[name=align,it=3,v=]
2026-07-07 19:18:26.302 DEBUG content 20563 _a-0000eaea-80ef-8000-3ca2-01ef9001ef90_106619 Processing reference: TypedVariable[name=labelPosition,it=3,v=]
2026-07-07 19:18:26.302 DEBUG content 20563 _a-0000eaea-80ef-8000-3ca2-01ef9001ef90_106619 Processing reference: TypedVariable[name=helpTooltip,it=3,v=]
2026-07-07 19:18:26.302 DEBUG content 20563 _a-0000eaea-80ef-8000-3ca2-01ef9001ef90_106619 Processing reference: TypedVariable[name=saveInto,it=193,v=<null>]
2026-07-07 19:18:26.302 DEBUG content 20563 _a-0000eaea-80ef-8000-3ca2-01ef9001ef90_106619 Processing reference: TypedVariable[name=validationGroup,it=3,v=]
2026-07-07 19:18:26.302 DEBUG content 20563 _a-0000eaea-80ef-8000-3ca2-01ef9001ef90_106619 Processing reference: TypedVariable[name=isVerbose,it=26,v=<null>]
2026-07-07 19:18:26.302 DEBUG content 20563 _a-0000eaea-80ef-8000-3ca2-01ef9001ef90_106619 Processing reference: TypedVariable[name=marginAbove,it=3,v=]
2026-07-07 19:18:26.302 DEBUG content 20563 _a-0000eaea-80ef-8000-3ca2-01ef9001ef90_106619 Processing reference: TypedVariable[name=marginBelow,it=3,v=]
2026-07-07 19:18:26.302 DEBUG content 20563 _a-0000eaea-80ef-8000-3ca2-01ef9001ef90_106619 Processing reference: Interface.parent
2026-07-07 19:18:26.303 DEBUG content 20563 _a-0000eaea-80ef-8000-3ca2-01ef9001ef90_106619 Processing reference: com.appiancorp.suiteapi.content.ContentRoleMap@4aec743b[
  ContentRole[name=readers,inherit=true,allowForAll=false]
  ContentRole[name=authors,inherit=true,allowForAll=false]
  ContentRole[name=administrators,inherit=true,allowForAll=false]
  ContentRole[name=denyReaders,inherit=false,allowForAll=false]
  ContentRole[name=denyAuthors,inherit=false,allowForAll=false]
  ContentRole[name=denyAdministrators,inherit=false,allowForAll=false]
  securityVector=15:SEC_PUBLIC=true,SEC_CREATOR_ADMIN=false,SEC_INH_ADMIN=true,SEC_INH_EDITOR=true,SEC_INH_VIEWER=true,SEC_ALL_ADMIN=false,SEC_ALL_EDITOR=false,SEC_ALL_VIEWER=false
]
2026-07-07 19:18:26.303 DEBUG content 20563 _a-0000eaea-80ef-8000-3ca2-01ef9001ef90_106619 Processing reference: ContentRole[name=readers,inherit=true,allowForAll=false]
2026-07-07 19:18:26.303 DEBUG content 20563 _a-0000eaea-80ef-8000-3ca2-01ef9001ef90_106619 Processing reference: ContentRole[name=authors,inherit=true,allowForAll=false]
2026-07-07 19:18:26.303 DEBUG content 20563 _a-0000eaea-80ef-8000-3ca2-01ef9001ef90_106619 Processing reference: ContentRole[name=administrators,inherit=true,allowForAll=false]
2026-07-07 19:18:26.303 DEBUG content 20563 _a-0000eaea-80ef-8000-3ca2-01ef9001ef90_106619 Processing reference: ContentRole[name=denyReaders,inherit=false,allowForAll=false]
2026-07-07 19:18:26.303 DEBUG content 20563 _a-0000eaea-80ef-8000-3ca2-01ef9001ef90_106619 Processing reference: ContentRole[name=denyAuthors,inherit=false,allowForAll=false]
2026-07-07 19:18:26.303 DEBUG content 20563 _a-0000eaea-80ef-8000-3ca2-01ef9001ef90_106619 Processing reference: ContentRole[name=denyAdministrators,inherit=false,allowForAll=false]
2026-07-07 19:18:26.303 DEBUG content 20563 _a-0000eaea-80ef-8000-3ca2-01ef9001ef90_106619 Exporting binary resources.
2026-07-07 19:18:26.303 DEBUG content 20563 _a-0000eaea-80ef-8000-3ca2-01ef9001ef90_106619 Serializing object to XML.
2026-07-07 19:18:26.305 DEBUG content 20563 _a-0000eaea-80ef-8000-3ca2-01ef9001ef90_106619 Object transported.
